customer_id,first_name,last_name,email,phone,city,state,registration_date
CUS000001,Jagdish,Khanna,nagarirya@example.net,+911977650653,Bengaluru,Karnataka,2023-08-12
CUS000002,Chanakya,Saran,ranveerbatra@example.org,+913437177137,Mysuru,Karnataka,2025-12-16
CUS000003,Oviya,Hayre,chaayaramakrishnan@example.org,05447015307,Bengaluru,Karnataka,2026-05-19
CUS000004,Naveen,Sharma,jasmit98@example.org,+914124507709,Bengaluru,Karnataka,2025-08-29
CUS000005,Jeevika,Morar,gollanitara@example.org,+911015387230,Bengaluru,Karnataka,2024-02-06
CUS000006,Yatin,Bava,gourdarika@example.net,1784229539,Bengaluru,Karnataka,2024-03-21
CUS000007,Janya,Balakrishnan,rayaanborah@example.net,+917681334975,Bengaluru,Karnataka,2023-12-25
CUS000008,Yashoda,Zachariah,sagarbalendra@example.net,4095115898,Bengaluru,Karnataka,2025-06-15
CUS000009,Ronith,Thaman,xrai@example.com,02579082165,Bengaluru,Karnataka,2025-05-26
CUS000010,Omkaar,Bandi,tmahal@example.org,07392124345,Mysuru,Karnataka,2025-07-08
CUS000011,Onveer,Som,fgade@example.net,+910538790620,Mysuru,Karnataka,2025-06-21
CUS000012,Manan,Vyas,raiati@example.com,9490510904,Mysuru,Karnataka,2023-10-17
CUS000013,Madhav,Jhaveri,dattaati@example.net,8133924738,Bengaluru,Karnataka,2026-06-22
CUS000014,Bhavini,Loke,manderjagat@example.org,09616561616,Bengaluru,Karnataka,2024-01-22
CUS000015,William,Sule,draghavan@example.com,01550782341,Bengaluru,Karnataka,2025-07-08
CUS000016,Chakrika,Gulati,ozagirik@example.net,+911570314609,Bengaluru,Karnataka,2024-08-13
CUS000017,Luke,Varty,urishillasinghal@example.com,7721263716,Bengaluru,Karnataka,2025-12-07
CUS000018,Karan,Bhandari,eamble@example.net,04700004501,Mysuru,Karnataka,2024-04-10
CUS000019,Zansi,Peri,mahikakibe@example.net,0385463519,Mysuru,Karnataka,2026-02-26
CUS000020,Aarav,Cherian,zayancomar@example.com,06691374337,Mysuru,Karnataka,2026-02-12
CUS000021,Radha,Srinivasan,inayabedi@example.net,+914839804070,Mysuru,Karnataka,2026-05-14
CUS000022,Om,Patla,madhav41@example.com,04389152552,Mysuru,Karnataka,2024-03-19
CUS000023,Pavani,Pandya,rudra04@example.net,08358714110,Bengaluru,Karnataka,2025-09-28
CUS000024,Aadi,Menon,raveldivya@example.net,+910693778128,Bengaluru,Karnataka,2023-12-31
CUS000025,Ekavir,Murthy,jpadmanabhan@example.org,+910467591656,Mysuru,Karnataka,2024-12-04
CUS000026,Kiaan,Jain,tanveer30@example.net,06288378008,Bengaluru,Karnataka,2024-11-02
CUS000027,Bhavna,Hegde,samakshdass@example.net,07575845797,Mysuru,Karnataka,2025-01-15
CUS000028,Chasmum,Acharya,sandhulibni@example.net,8665152587,Mysuru,Karnataka,2024-09-10
CUS000029,Yashvi,Date,bordewishi@example.org,7584507168,Bengaluru,Karnataka,2025-06-24
CUS000030,Samaksh,Panchal,sai39@example.com,09651566542,Mysuru,Karnataka,2024-04-15
CUS000031,Manya,Jaggi,ekavir76@example.org,3473950704,Bengaluru,Karnataka,2023-08-03
CUS000032,Vinaya,Buch,michael88@example.com,0678277654,Mysuru,Karnataka,2024-04-22
CUS000033,Arjun,Karpe,santsanaya@example.net,0238811754,Mysuru,Karnataka,2023-08-10
CUS000034,Adweta,Narang,udyati36@example.org,+915180999991,Bengaluru,Karnataka,2024-08-31
CUS000035,Brinda,Chatterjee,qrama@example.net,+911296360671,Mysuru,Karnataka,2023-11-20
CUS000036,Harrison,Chana,daralopa@example.com,+916628470284,Mysuru,Karnataka,2024-10-26
CUS000037,Advik,Choudhary,manyadasgupta@example.net,03969327895,Bengaluru,Karnataka,2023-11-09
CUS000038,Onkar,Issac,bishakha56@example.org,09417540390,Bengaluru,Karnataka,2025-12-29
CUS000039,Sarthak,Dhaliwal,modibalvan@example.com,04884311562,Bengaluru,Karnataka,2023-09-20
CUS000040,Tejas,Yadav,jeremiah27@example.org,+914304514053,Bengaluru,Karnataka,2026-03-01
CUS000041,Ojas,Chahal,gabriel54@example.org,8459741634,Mysuru,Karnataka,2025-09-16
CUS000042,Siddharth,Balay,aishani58@example.net,+911772408130,Bengaluru,Karnataka,2024-03-15
CUS000043,Jonathan,Grover,nikitabahri@example.com,+917052226106,Bengaluru,Karnataka,2024-01-09
CUS000044,Ekbal,Kashyap,tpalla@example.com,8993712986,Bengaluru,Karnataka,2025-07-07
CUS000045,Ojasvi,Dasgupta,zsankaran@example.org,00593379776,Bengaluru,Karnataka,2026-02-15
CUS000046,Sai,Bhatia,ethanpau@example.com,7335456874,Mysuru,Karnataka,2024-12-18
CUS000047,Tarak,Bahri,behlabdul@example.net,00057874662,Bengaluru,Karnataka,2025-02-25
CUS000048,Harinakshi,Pillay,batraviraj@example.com,+914590779981,Bengaluru,Karnataka,2026-01-03
CUS000049,Yoshita,Bail,advaith28@example.net,6549994952,Bengaluru,Karnataka,2025-06-29
CUS000050,Aadi,Radhakrishnan,jagvi81@example.com,3694333649,Mysuru,Karnataka,2023-10-03
CUS000051,Mugdha,Oza,sodhiidika@example.com,3650246298,Bengaluru,Karnataka,2024-07-09
CUS000052,Bhavani,Manne,isaiahguha@example.org,1918521339,Bengaluru,Karnataka,2024-03-10
CUS000053,Kai,Jhaveri,gayathrikothari@example.com,9140851702,Bengaluru,Karnataka,2023-08-03
CUS000054,Chaman,Jhaveri,sodhidayamai@example.net,+914971555595,Bengaluru,Karnataka,2024-04-16
CUS000055,Siya,Mannan,ochoudhury@example.com,4613564662,Mysuru,Karnataka,2025-09-29
CUS000056,Bhanumati,Grewal,bajwasimon@example.com,09906549347,Bengaluru,Karnataka,2023-11-15
CUS000057,Saumya,Bassi,annebaljiwan@example.net,0601782175,Bengaluru,Karnataka,2025-07-24
CUS000058,Maanav,Minhas,daniaayush@example.net,01723519185,Bengaluru,Karnataka,2026-06-04
CUS000059,Januja,Tella,tmandal@example.org,2920498921,Bengaluru,Karnataka,2025-10-26
CUS000060,Kiaan,Kade,unnikant@example.com,04224672843,Bengaluru,Karnataka,2024-09-14
CUS000061,Jackson,Mittal,subramaniankabir@example.org,+913502164038,Bengaluru,Karnataka,2024-02-25
CUS000062,Hemang,Shankar,mtella@example.com,05048749337,Bengaluru,Karnataka,2024-11-26
CUS000063,Brinda,Chacko,vdube@example.net,3298204623,Bengaluru,Karnataka,2025-02-20
CUS000064,Isaac,Buch,aishanimohanty@example.org,8358963966,Mysuru,Karnataka,2023-10-15
CUS000065,Manbir,Kant,lsood@example.net,+913399556624,Mysuru,Karnataka,2024-07-13
CUS000066,Arjun,Prabhu,sanekala@example.org,4901458309,Bengaluru,Karnataka,2024-10-16
CUS000067,Irya,Roy,khuranacharita@example.com,08678853050,Bengaluru,Karnataka,2025-08-02
CUS000068,Harish,Mangal,triyagara@example.net,0220553009,Bengaluru,Karnataka,2024-10-06
CUS000069,Gavin,Mahajan,deepjatin@example.org,4911642619,Mysuru,Karnataka,2026-04-01
CUS000070,Rachit,Seth,maya06@example.net,5547517540,Mysuru,Karnataka,2025-03-30
CUS000071,Harish,Sandhu,ganga30@example.org,4603327144,Mysuru,Karnataka,2026-06-15
CUS000072,Caleb,Sidhu,brindasandhu@example.org,7879686049,Bengaluru,Karnataka,2025-06-07
CUS000073,Vrinda,Shukla,yhanda@example.net,+915699921980,Bengaluru,Karnataka,2024-06-02
CUS000074,Faris,Wadhwa,kakargagan@example.net,+913891009397,Bengaluru,Karnataka,2023-12-01
CUS000075,Farhan,Lala,kdhar@example.org,+913567472558,Mysuru,Karnataka,2025-02-11
CUS000076,Ati,Roy,mukherjeejackson@example.org,8148715580,Mysuru,Karnataka,2026-04-06
CUS000077,Sneha,Sahota,paitanvi@example.org,+917267689307,Bengaluru,Karnataka,2025-12-21
CUS000078,Jagrati,Parmer,sathvik20@example.org,7968007597,Bengaluru,Karnataka,2025-03-29
CUS000079,Timothy,Kaul,sanghvisaanvi@example.net,+912819227982,Bengaluru,Karnataka,2023-08-25
CUS000080,Tanmayi,Murthy,aswamy@example.net,6686218420,Bengaluru,Karnataka,2025-11-17
CUS000081,Frado,Dash,falguni66@example.org,+910487651809,Mysuru,Karnataka,2024-11-02
CUS000082,Warda,Sarna,rajugirindra@example.net,07398779900,Bengaluru,Karnataka,2024-02-20
CUS000083,Jagdish,Krishnan,ibuch@example.net,+916592711773,Mysuru,Karnataka,2024-03-21
CUS000084,Sarthak,Bahri,sathvik40@example.org,4591167281,Mysuru,Karnataka,2025-07-19
CUS000085,Radha,Behl,kurianunni@example.com,05751312907,Mysuru,Karnataka,2025-04-07
CUS000086,Vedant,Memon,chakradharchandra@example.com,+918819961376,Bengaluru,Karnataka,2024-01-15
CUS000087,Yashasvi,Mani,warjaschander@example.org,+912092005663,Bengaluru,Karnataka,2025-11-15
CUS000088,Chavvi,Brahmbhatt,ekiyanagarajan@example.com,+913886402045,Mysuru,Karnataka,2025-02-27
CUS000089,Balendra,Mander,aarinisankar@example.net,+910388307914,Bengaluru,Karnataka,2025-09-22
CUS000090,Mahika,Nagar,gagan04@example.org,5662481780,Mysuru,Karnataka,2024-09-06
CUS000091,Yug,Om,lkalita@example.com,9537247225,Mysuru,Karnataka,2026-06-30
CUS000092,Nachiket,Mistry,bwalla@example.net,8633663865,Mysuru,Karnataka,2026-04-02
CUS000093,Yashodhara,Mitra,mukhopadhyaytanmayi@example.com,7050091653,Mysuru,Karnataka,2025-09-01
CUS000094,Ranbir,Narayanan,qarin95@example.org,+912425337450,Bengaluru,Karnataka,2025-11-04
CUS000095,Logan,Thaker,fchandra@example.com,02577898738,Bengaluru,Karnataka,2023-12-11
CUS000096,Meghana,Shere,urvashi30@example.org,09186506680,Mysuru,Karnataka,2026-04-09
CUS000097,Lipika,Suresh,aayush91@example.org,06744204411,Mysuru,Karnataka,2026-06-15
CUS000098,Agastya,Basak,cgill@example.net,+914535857008,Bengaluru,Karnataka,2025-06-09
CUS000099,Udyati,Tata,zehaan25@example.org,0902453770,Mysuru,Karnataka,2024-08-28
CUS000100,Ridhi,Mani,lgarde@example.net,05942771162,Bengaluru,Karnataka,2025-06-26
CUS000101,Oliver,Goel,eta44@example.net,+918286562327,Mysuru,Karnataka,2024-07-17
CUS000102,Damini,Subramaniam,wgokhale@example.net,01767333026,Bengaluru,Karnataka,2025-07-18
CUS000103,Omya,Saran,uchandran@example.org,02212465225,Bengaluru,Karnataka,2024-12-19
CUS000104,Ekani,Pal,mohini66@example.org,7688988990,Bengaluru,Karnataka,2023-10-18
CUS000105,Nihal,Nath,utkarshroy@example.net,05230627481,Bengaluru,Karnataka,2025-11-15
CUS000106,Tanmayi,Bava,ranveer35@example.net,01920268698,Bengaluru,Karnataka,2023-12-03
CUS000107,Charles,Dua,rayaan00@example.org,01459021622,Bengaluru,Karnataka,2026-04-02
CUS000108,Zaitra,Bhatti,vasatikarajagopal@example.net,+916410879596,Bengaluru,Karnataka,2025-06-23
CUS000109,Edhitha,Chaudhuri,yasti00@example.net,09734051496,Mysuru,Karnataka,2026-05-10
CUS000110,Jeremiah,Mann,vedanthans@example.com,03231631742,Mysuru,Karnataka,2024-07-29
CUS000111,Vanya,Pingle,opandey@example.net,+917943838710,Mysuru,Karnataka,2024-08-30
CUS000112,Jack,Deol,sharafrobert@example.org,09006930171,Bengaluru,Karnataka,2024-04-23
CUS000113,Anirudh,Biswas,chaitalyzacharia@example.com,09108290392,Bengaluru,Karnataka,2025-09-03
CUS000114,Indira,Vohra,jnayar@example.com,04635982339,Mysuru,Karnataka,2024-10-09
CUS000115,Mekhala,Tata,dhruv64@example.org,9006648382,Bengaluru,Karnataka,2024-10-27
CUS000116,Leela,Bansal,triya91@example.com,3898847418,Bengaluru,Karnataka,2023-11-29
CUS000117,Oliver,Chand,yashica14@example.net,8989070264,Mysuru,Karnataka,2024-07-31
CUS000118,Ganga,Venkatesh,siyengar@example.net,+910412012191,Mysuru,Karnataka,2025-10-10
CUS000119,Forum,Ghosh,lmuni@example.com,02420047180,Bengaluru,Karnataka,2025-03-16
CUS000120,Vincent,Palan,krau@example.com,06847269021,Mysuru,Karnataka,2025-05-13
CUS000121,Anthony,Babu,sethupadhriti@example.net,0559794598,Mysuru,Karnataka,2025-01-30
CUS000122,Max,Nori,wahabkaran@example.net,03429402916,Bengaluru,Karnataka,2025-11-06
CUS000123,Bhavini,Kara,dayamaiarora@example.org,03671490907,Mysuru,Karnataka,2025-09-21
CUS000124,Jonathan,Palla,hiralbadal@example.com,7164383927,Mysuru,Karnataka,2025-03-12
CUS000125,Vivaan,Dubey,nmittal@example.net,04265512761,Mysuru,Karnataka,2025-01-02
CUS000126,Nilima,Naik,mmurthy@example.org,+917365136278,Bengaluru,Karnataka,2026-06-13
CUS000127,Advika,Majumdar,niharika72@example.net,03055860699,Mysuru,Karnataka,2024-07-10
CUS000128,Qasim,Bassi,gsrinivas@example.org,+916779457722,Mysuru,Karnataka,2025-01-03
CUS000129,Chasmum,Minhas,abeernair@example.net,01389535878,Mysuru,Karnataka,2025-10-12
CUS000130,Ansh,Palla,wwadhwa@example.net,4641425799,Bengaluru,Karnataka,2025-10-28
CUS000131,Mahika,Munshi,shettyveer@example.org,04985013671,Mysuru,Karnataka,2025-09-19
CUS000132,Rachita,Prashad,ygolla@example.org,7611771742,Mysuru,Karnataka,2025-01-12
CUS000133,Omkaar,Sachdeva,charitamistry@example.com,+919040785538,Mysuru,Karnataka,2024-05-19
CUS000134,Lopa,Luthra,rachita27@example.com,00580564146,Bengaluru,Karnataka,2024-02-13
CUS000135,Wyatt,Bandi,hamsininadig@example.net,05671442416,Mysuru,Karnataka,2024-02-16
CUS000136,Frederick,Swaminathan,aarini25@example.com,1501430209,Bengaluru,Karnataka,2026-02-24
CUS000137,Panini,Bose,ekala@example.org,4188905473,Mysuru,Karnataka,2026-01-25
CUS000138,Damini,Bose,rkashyap@example.com,+912562596554,Bengaluru,Karnataka,2024-04-13
CUS000139,Agastya,Prasad,minhaswriddhish@example.com,2281182989,Bengaluru,Karnataka,2023-10-21
CUS000140,Baljiwan,Srinivas,onkarom@example.com,8218963736,Mysuru,Karnataka,2025-10-16
CUS000141,Upkaar,Chhabra,jhalakvirk@example.net,05100491783,Mysuru,Karnataka,2024-11-08
CUS000142,Tanveer,Sabharwal,lallekavir@example.net,07429583653,Mysuru,Karnataka,2024-01-28
CUS000143,Samesh,Chandra,tanmayi14@example.com,01343789545,Bengaluru,Karnataka,2026-07-14
CUS000144,Hredhaan,Bedi,thakurchampak@example.com,03241185817,Bengaluru,Karnataka,2024-12-22
CUS000145,Chaitanya,Mann,raaginiamble@example.net,08584897068,Bengaluru,Karnataka,2023-07-28
CUS000146,Harish,Zachariah,randhawafrado@example.org,09187326191,Mysuru,Karnataka,2025-07-16
CUS000147,Sudiksha,Krishnan,gabriel30@example.com,+915165965824,Mysuru,Karnataka,2024-09-24
CUS000148,Sai,Kata,pavani49@example.com,+917197794421,Mysuru,Karnataka,2024-02-17
CUS000149,Lohit,Memon,veercomar@example.com,4683146073,Mysuru,Karnataka,2023-08-08
CUS000150,George,Upadhyay,uanand@example.org,01327821726,Bengaluru,Karnataka,2026-02-12
CUS000151,Jairaj,Tripathi,yashodhara17@example.net,3029519655,Bengaluru,Karnataka,2024-03-07
CUS000152,Tripti,Kanda,bbora@example.com,+916142813000,Bengaluru,Karnataka,2024-08-08
CUS000153,Kamala,Chhabra,vdeo@example.net,+910882347796,Mysuru,Karnataka,2025-03-04
CUS000154,Keya,Kothari,tarakrajagopal@example.com,+914877964274,Mysuru,Karnataka,2025-05-10
CUS000155,Upadhriti,Choudhry,leena80@example.net,+919251193814,Mysuru,Karnataka,2026-05-22
CUS000156,Vedhika,Modi,ekaraj39@example.net,+911361418154,Mysuru,Karnataka,2023-11-27
CUS000157,Hardik,Gokhale,mannancaleb@example.net,5708865111,Bengaluru,Karnataka,2025-12-17
CUS000158,Yatan,Banerjee,kradhakrishnan@example.net,09024829837,Bengaluru,Karnataka,2025-04-01
CUS000159,Balveer,Barad,libni18@example.org,+910972608927,Mysuru,Karnataka,2026-06-20
CUS000160,Jai,Edwin,unnati44@example.com,+913496169353,Mysuru,Karnataka,2023-11-08
CUS000161,Guneet,Pandya,deoyuvraj@example.org,06438873522,Bengaluru,Karnataka,2026-07-12
CUS000162,Praneel,Khanna,swaminathanzarna@example.org,05412759999,Bengaluru,Karnataka,2025-07-29
CUS000163,Hredhaan,Murthy,xpall@example.org,+910682758472,Mysuru,Karnataka,2025-12-06
CUS000164,Amrita,Bassi,chaitalyseth@example.com,1600647833,Mysuru,Karnataka,2025-12-01
CUS000165,Frado,Goda,daniel87@example.net,09817779735,Mysuru,Karnataka,2025-05-24
CUS000166,Maya,Pathak,talwarnaveen@example.org,7970303579,Bengaluru,Karnataka,2023-10-22
CUS000167,Indrajit,Upadhyay,arunima78@example.net,3422355525,Bengaluru,Karnataka,2025-12-08
CUS000168,Krisha,Subramanian,omyachauhan@example.net,09652165051,Bengaluru,Karnataka,2025-12-12
CUS000169,Chanakya,Korpal,vartykamala@example.com,01798350859,Mysuru,Karnataka,2024-09-07
CUS000170,Utkarsh,Bhatt,wsaraf@example.net,00891942933,Mysuru,Karnataka,2024-09-08
CUS000171,Ojas,Wali,bhavyadugal@example.org,08360292874,Mysuru,Karnataka,2025-05-16
CUS000172,Ridhi,Dubey,zarya@example.net,8272030485,Bengaluru,Karnataka,2026-06-21
CUS000173,Chandresh,Agarwal,harish03@example.com,4019972355,Bengaluru,Karnataka,2025-04-24
CUS000174,Suhani,Oommen,jbaria@example.org,07815890679,Mysuru,Karnataka,2025-12-11
CUS000175,Tamanna,Mane,krishtanish@example.com,5546737077,Mysuru,Karnataka,2024-04-29
CUS000176,Atharv,Dora,panditdavid@example.com,+910826888590,Mysuru,Karnataka,2025-08-08
CUS000177,Chanchal,Pai,mohammed69@example.net,03039418934,Bengaluru,Karnataka,2024-04-23
CUS000178,Yatan,Nair,victorbaral@example.net,7302829842,Bengaluru,Karnataka,2025-08-23
CUS000179,Rushil,Varkey,balendra20@example.org,01374821493,Mysuru,Karnataka,2024-05-17
CUS000180,Sai,Virk,menoncharan@example.net,06007827273,Mysuru,Karnataka,2026-06-15
CUS000181,Raksha,Shah,bhavnabatra@example.com,+912106901818,Bengaluru,Karnataka,2025-01-10
CUS000182,Logan,Bala,vedikachaudhuri@example.net,05759416759,Mysuru,Karnataka,2025-01-22
CUS000183,Radhika,Hans,jsami@example.net,4286511956,Bengaluru,Karnataka,2025-11-10
CUS000184,Matthew,Kapadia,umangdate@example.org,4326936245,Mysuru,Karnataka,2025-02-08
CUS000185,Robert,Pandya,hiteshlata@example.net,+915718244368,Bengaluru,Karnataka,2025-06-12
CUS000186,Azaan,Mand,qdayal@example.org,02099912763,Mysuru,Karnataka,2023-09-21
CUS000187,Vrishti,Sampath,tdugal@example.net,05185027392,Bengaluru,Karnataka,2026-06-01
CUS000188,Prisha,Bali,aarini50@example.org,+913278920059,Mysuru,Karnataka,2024-01-17
CUS000189,Onveer,Pall,ubikasarna@example.com,5334289841,Bengaluru,Karnataka,2025-03-05
CUS000190,Benjamin,Sachdev,vasatika98@example.com,+910625027013,Bengaluru,Karnataka,2024-11-01
CUS000191,Mohini,Pant,kuriankevin@example.net,1645590104,Bengaluru,Karnataka,2025-03-07
CUS000192,Abhiram,Murthy,choudhryekaraj@example.org,06641008671,Bengaluru,Karnataka,2023-11-15
CUS000193,Chavvi,Verma,darsamar@example.net,+914555648390,Bengaluru,Karnataka,2023-09-06
CUS000194,Harshil,Rao,pahal02@example.org,04953978063,Bengaluru,Karnataka,2026-05-31
CUS000195,Kabir,Grover,warda70@example.org,02650212731,Bengaluru,Karnataka,2025-04-02
CUS000196,Chatura,Shah,michael77@example.com,3017420359,Bengaluru,Karnataka,2024-06-23
CUS000197,Harish,Dua,yachana55@example.net,+918459791982,Bengaluru,Karnataka,2023-08-02
CUS000198,Forum,Dhillon,soodhredhaan@example.org,2154064157,Bengaluru,Karnataka,2025-10-31
CUS000199,Jagvi,Prasad,somanleela@example.net,5131664029,Mysuru,Karnataka,2026-07-10
CUS000200,Januja,Gupta,victor59@example.net,03996874759,Mysuru,Karnataka,2025-07-18
CUS000201,Brinda,Viswanathan,virajcheema@example.com,09520681685,Mysuru,Karnataka,2025-10-02
CUS000202,Sathvik,Dugar,aahana03@example.net,+913294996648,Mysuru,Karnataka,2025-10-22
CUS000203,Ranbir,Hayre,balvanprabhakar@example.net,8631776801,Mysuru,Karnataka,2026-06-01
CUS000204,Raghav,Tara,hmohan@example.net,+910034302009,Bengaluru,Karnataka,2024-01-18
CUS000205,Reva,Devi,sampathanita@example.com,2671788589,Mysuru,Karnataka,2025-05-21
CUS000206,Isaac,Aggarwal,krai@example.net,+919792757058,Mysuru,Karnataka,2023-10-09
CUS000207,Yachana,Ahluwalia,banjeet94@example.org,05806740674,Bengaluru,Karnataka,2023-08-16
CUS000208,Wahab,Bahl,madhav47@example.net,+918246904991,Mysuru,Karnataka,2025-10-31
CUS000209,Omya,Nayak,nisha97@example.org,7681172370,Mysuru,Karnataka,2026-03-02
CUS000210,Sathvik,Zachariah,chanchal78@example.com,+914715801986,Bengaluru,Karnataka,2023-11-14
CUS000211,Aditya,Pathak,ombaljiwan@example.com,8396059790,Mysuru,Karnataka,2025-08-19
CUS000212,Zashil,Oommen,chhabrapeter@example.org,02788964158,Bengaluru,Karnataka,2024-02-01
CUS000213,Liam,Bal,ochahal@example.net,+916407821369,Mysuru,Karnataka,2024-11-23
CUS000214,Lavanya,Jhaveri,jonathan91@example.com,4284589195,Mysuru,Karnataka,2025-03-05
CUS000215,Upasna,Dara,kabirtella@example.net,+917212424473,Mysuru,Karnataka,2024-10-04
CUS000216,Girik,Warrior,koommen@example.com,4217674503,Mysuru,Karnataka,2025-05-25
CUS000217,Veda,Mann,omyakumar@example.com,2491248866,Bengaluru,Karnataka,2025-09-04
CUS000218,Devansh,Kohli,harinidugar@example.org,+918854609301,Mysuru,Karnataka,2024-03-31
CUS000219,Aachal,Dhar,imurthy@example.net,00198401913,Mysuru,Karnataka,2026-01-05
CUS000220,Ranbir,Samra,pdhaliwal@example.org,+914567378006,Mysuru,Karnataka,2025-06-03
CUS000221,Chatresh,Viswanathan,vkapoor@example.com,+917151405250,Bengaluru,Karnataka,2024-05-08
CUS000222,Ojas,Sane,ibanik@example.com,09212435021,Bengaluru,Karnataka,2024-04-16
CUS000223,Brijesh,Taneja,shanjagdish@example.com,+912899409648,Bengaluru,Karnataka,2024-07-05
CUS000224,Utkarsh,Banik,zkaur@example.net,+914974596760,Bengaluru,Karnataka,2023-09-20
CUS000225,Janani,Venkataraman,mason02@example.org,00868532299,Bengaluru,Karnataka,2025-04-17
CUS000226,Mahika,Sheth,warrioryagnesh@example.org,04095441900,Bengaluru,Karnataka,2026-05-15
CUS000227,Neelima,Bose,warda33@example.org,00325044806,Bengaluru,Karnataka,2025-09-14
CUS000228,Nidra,Mishra,osankar@example.com,+911984515558,Mysuru,Karnataka,2023-12-05
CUS000229,Fiyaz,Mannan,chasmumwarrior@example.net,00231904193,Mysuru,Karnataka,2024-02-25
CUS000230,Kritika,Viswanathan,esengupta@example.com,9716616910,Bengaluru,Karnataka,2024-10-17
CUS000231,Aarini,Kannan,chaitaly04@example.org,+912069116707,Mysuru,Karnataka,2024-08-04
CUS000232,Chakradhar,Deo,gopalbatta@example.org,5214520710,Bengaluru,Karnataka,2026-04-02
CUS000233,Udarsh,Acharya,banerjeejanuja@example.org,+918114270657,Bengaluru,Karnataka,2026-02-13
CUS000234,Eshana,Desai,isaac09@example.com,+918810661385,Bengaluru,Karnataka,2024-05-04
CUS000235,Rudra,Buch,niharika87@example.net,+917670523051,Bengaluru,Karnataka,2026-02-26
CUS000236,Eiravati,Mitter,pranavdalal@example.net,01840472681,Bengaluru,Karnataka,2025-12-19
CUS000237,Abha,Virk,tchadha@example.org,+919459533686,Mysuru,Karnataka,2023-10-28
CUS000238,Jeevika,Chahal,avimahajan@example.net,+918698394377,Bengaluru,Karnataka,2024-09-20
CUS000239,Adweta,Morar,christophersarin@example.org,03504694090,Bengaluru,Karnataka,2024-06-20
CUS000240,Siya,Naik,anthony47@example.org,02470326585,Bengaluru,Karnataka,2025-12-20
CUS000241,Geetika,Bhargava,naveen85@example.org,06462221161,Mysuru,Karnataka,2023-12-18
CUS000242,Divya,Kumar,gourrishi@example.org,+911546237631,Bengaluru,Karnataka,2024-05-13
CUS000243,Yuvraj,Kapur,vbarman@example.com,00707107232,Bengaluru,Karnataka,2024-02-20
CUS000244,Chaitaly,Koshy,yadaviramanathan@example.net,03146471004,Mysuru,Karnataka,2024-01-15
CUS000245,Banjeet,Bhasin,yashvi67@example.net,2082779870,Mysuru,Karnataka,2025-12-13
CUS000246,Isaac,Kanda,shivansh47@example.org,06361195652,Mysuru,Karnataka,2026-03-12
CUS000247,Bakhshi,Mall,aaravmanda@example.net,7907432509,Mysuru,Karnataka,2026-06-22
CUS000248,Vedika,Warrior,yashvi23@example.net,00132148151,Bengaluru,Karnataka,2025-01-27
CUS000249,Yochana,Mander,nachiketsaxena@example.net,+919425551347,Mysuru,Karnataka,2026-06-05
CUS000250,Shaurya,Kulkarni,jhalak63@example.net,06487974977,Mysuru,Karnataka,2026-07-02
CUS000251,Bimala,Mangat,sonisimon@example.com,7279772625,Bengaluru,Karnataka,2025-11-22
CUS000252,Xalak,Tailor,xom@example.com,07513083403,Mysuru,Karnataka,2026-03-28
CUS000253,Joshua,Raju,niteshhalder@example.com,+914988146211,Mysuru,Karnataka,2024-07-23
CUS000254,Diya,Bali,deepgaurav@example.net,01795504203,Mysuru,Karnataka,2024-02-26
CUS000255,Mitesh,Pradhan,wishigopal@example.org,+913523738647,Mysuru,Karnataka,2026-01-20
CUS000256,Ridhi,Hans,dalajanair@example.net,6769715307,Mysuru,Karnataka,2023-12-25
CUS000257,David,Madan,chamanarora@example.com,+914469191376,Mysuru,Karnataka,2024-12-20
CUS000258,Zansi,Minhas,gvarughese@example.com,6239104240,Mysuru,Karnataka,2025-03-21
CUS000259,Faqid,Bawa,gautamigaba@example.net,6016850834,Mysuru,Karnataka,2025-01-27
CUS000260,Imaran,Sura,sneha77@example.net,00513134763,Bengaluru,Karnataka,2023-08-11
CUS000261,Mekhala,Wali,vkanda@example.org,0716530753,Mysuru,Karnataka,2024-05-29
CUS000262,Gagan,Tara,edhithakar@example.com,06988152662,Bengaluru,Karnataka,2024-12-16
CUS000263,Atharv,Mitra,dalbir32@example.com,06538622482,Bengaluru,Karnataka,2023-09-05
CUS000264,William,Chad,ranbir55@example.com,09218481622,Bengaluru,Karnataka,2024-10-11
CUS000265,Yashoda,Krish,dkapur@example.net,+917040557686,Mysuru,Karnataka,2025-07-21
CUS000266,Gopal,Yohannan,ishroff@example.net,+914912629643,Bengaluru,Karnataka,2025-01-24
CUS000267,Ubika,Prabhu,wahab65@example.net,1163813521,Bengaluru,Karnataka,2025-03-04
CUS000268,Tanveer,Bava,yauvani49@example.org,7673235103,Mysuru,Karnataka,2026-07-05
CUS000269,Aarnav,Ganesan,patilsathvik@example.net,2227663770,Mysuru,Karnataka,2024-01-16
CUS000270,Kamala,Jaggi,sraval@example.com,1299234929,Mysuru,Karnataka,2026-07-10
CUS000271,Bahadurjit,Choudhary,aaravsandal@example.org,03895290865,Mysuru,Karnataka,2026-03-05
CUS000272,Yochana,Goswami,udarsh31@example.org,00032470771,Bengaluru,Karnataka,2025-08-27
CUS000273,Laksh,Boase,agarwallucky@example.net,03916899503,Mysuru,Karnataka,2024-05-21
CUS000274,Zehaan,Badal,naiklakshmi@example.com,1096117613,Mysuru,Karnataka,2025-04-16
CUS000275,Alexander,Hegde,indali39@example.org,02588050100,Mysuru,Karnataka,2025-09-13
CUS000276,Wridesh,Uppal,singhalvanya@example.com,9075657105,Bengaluru,Karnataka,2025-05-31
CUS000277,Aditya,Sachdev,nbrar@example.net,1159823364,Mysuru,Karnataka,2023-09-23
CUS000278,Nilima,Bumb,chasmumgrewal@example.org,+917146595809,Mysuru,Karnataka,2024-03-26
CUS000279,Ishani,Baral,balanekta@example.net,+911354450008,Mysuru,Karnataka,2024-10-29
CUS000280,Tripti,Minhas,agastya61@example.net,+917768946572,Bengaluru,Karnataka,2024-06-18
CUS000281,Hamsini,Mishra,dchad@example.org,+915863402186,Bengaluru,Karnataka,2024-12-18
CUS000282,Zinal,Dhar,nadignicholas@example.com,+912411802311,Mysuru,Karnataka,2024-05-03
CUS000283,Baghyawati,Karan,palankashish@example.com,+910303524542,Mysuru,Karnataka,2024-03-13
CUS000284,Mekhala,Sachdev,dbhattacharyya@example.org,+919076659111,Bengaluru,Karnataka,2023-09-02
CUS000285,Abdul,Wali,ggill@example.net,9345703436,Mysuru,Karnataka,2024-08-15
CUS000286,Samesh,Gopal,vidhibal@example.com,9266263077,Bengaluru,Karnataka,2024-12-19
CUS000287,Advika,Taneja,raghav37@example.org,09709039560,Bengaluru,Karnataka,2025-06-02
CUS000288,Kabir,Butala,noah22@example.org,8875974319,Bengaluru,Karnataka,2024-09-14
CUS000289,Udarsh,Murthy,banerjeeaashi@example.org,4034019804,Bengaluru,Karnataka,2025-11-22
CUS000290,Janani,Solanki,ubahl@example.org,05701283736,Mysuru,Karnataka,2025-02-24
CUS000291,Hritik,Sampath,nadigvedika@example.org,08312390935,Mysuru,Karnataka,2023-08-06
CUS000292,Orinder,Viswanathan,advaysheth@example.com,6353555320,Bengaluru,Karnataka,2025-09-06
CUS000293,Kamya,Majumdar,sarthaktrivedi@example.net,7894127153,Mysuru,Karnataka,2023-12-18
CUS000294,Gaurav,Dar,jratta@example.org,09917643343,Mysuru,Karnataka,2026-06-13
CUS000295,Omisha,Chawla,manderryan@example.org,07197624735,Bengaluru,Karnataka,2023-10-13
CUS000296,Abdul,Bava,krishnamurthyoeshi@example.com,3827491588,Bengaluru,Karnataka,2026-06-18
CUS000297,Nicholas,Chanda,chackozayyan@example.com,+914762885988,Bengaluru,Karnataka,2025-12-11
CUS000298,Aarnav,Pillay,jwali@example.org,8940306653,Mysuru,Karnataka,2026-05-24
CUS000299,Arya,Raval,loyalzarna@example.org,+912017279562,Mysuru,Karnataka,2023-11-13
CUS000300,Netra,Jani,girish80@example.com,07068481042,Bengaluru,Karnataka,2025-07-06
CUS000301,Eta,Tank,riamanda@example.org,7615302673,Bengaluru,Karnataka,2024-11-23
CUS000302,Ryan,Tripathi,janakisen@example.net,02972769596,Bengaluru,Karnataka,2026-04-12
CUS000303,Kamya,Anne,aarnasalvi@example.com,0956749462,Bengaluru,Karnataka,2026-02-25
CUS000304,Manthan,Ramaswamy,duppal@example.com,+912049202367,Mysuru,Karnataka,2025-10-30
CUS000305,Nisha,Verma,devika71@example.org,4796817079,Bengaluru,Karnataka,2023-08-25
CUS000306,Aachal,Boase,libnikaul@example.com,6039144542,Mysuru,Karnataka,2026-02-21
CUS000307,Hemang,Misra,lkamdar@example.net,6425161419,Mysuru,Karnataka,2023-10-25
CUS000308,Advik,Puri,rayhenry@example.com,+919115784655,Bengaluru,Karnataka,2023-08-30
CUS000309,Vedika,Mannan,lagarwal@example.net,05709263252,Bengaluru,Karnataka,2026-03-22
CUS000310,Panini,Lad,advaith13@example.org,4938484924,Bengaluru,Karnataka,2023-12-03
CUS000311,Aarush,Dyal,dattadarsh@example.org,5455565523,Mysuru,Karnataka,2025-07-26
CUS000312,Ethan,Raghavan,wishichaudry@example.net,+916116560717,Bengaluru,Karnataka,2024-06-17
CUS000313,Falak,Goel,vamakshisoman@example.net,2871331626,Mysuru,Karnataka,2024-11-03
CUS000314,Manthan,Nair,faris38@example.org,1115741737,Bengaluru,Karnataka,2026-07-06
CUS000315,Fiyaz,Panchal,upmashanker@example.org,00174374847,Bengaluru,Karnataka,2026-05-05
CUS000316,Kavya,Randhawa,nattradha@example.org,1135936570,Bengaluru,Karnataka,2023-10-31
CUS000317,Aryan,Maharaj,niharikakapadia@example.net,+919442626383,Mysuru,Karnataka,2025-02-07
CUS000318,Rayaan,Saraf,gaurang14@example.org,02911027150,Mysuru,Karnataka,2025-03-16
CUS000319,Ishita,Bava,bumbvrinda@example.org,0495285953,Bengaluru,Karnataka,2025-11-04
CUS000320,Kala,Buch,vedika84@example.com,9969566844,Bengaluru,Karnataka,2024-09-10
CUS000321,Yashica,Menon,kamya18@example.org,9832910138,Mysuru,Karnataka,2026-03-19
CUS000322,Avi,Krishnamurthy,atharv03@example.org,06890953455,Mysuru,Karnataka,2026-04-29
CUS000323,Teerth,Bhalla,bordejhalak@example.com,1875476255,Bengaluru,Karnataka,2024-11-17
CUS000324,Lipika,Yohannan,mganesan@example.org,8168048880,Bengaluru,Karnataka,2025-09-06
CUS000325,Yashoda,Dave,dominicnatt@example.org,04343069195,Bengaluru,Karnataka,2024-03-09
CUS000326,Wakeeta,Bawa,dhingralipika@example.net,05454344365,Bengaluru,Karnataka,2026-04-12
CUS000327,Nachiket,Nazareth,brijesh52@example.org,09177783979,Bengaluru,Karnataka,2024-04-08
CUS000328,Benjamin,Comar,tsom@example.org,+910781916054,Bengaluru,Karnataka,2024-10-31
CUS000329,Frado,Bahl,bimalabhatti@example.org,+911275959103,Mysuru,Karnataka,2024-07-25
CUS000330,Warda,Khanna,anyasabharwal@example.net,+910737477808,Bengaluru,Karnataka,2023-12-24
CUS000331,Gaurang,Mittal,kiaanpandit@example.net,03442812254,Bengaluru,Karnataka,2026-07-09
CUS000332,Amrita,Basu,falak52@example.net,05428975306,Bengaluru,Karnataka,2025-11-22
CUS000333,Ubika,Kamdar,ramanfiyaz@example.com,+913954942384,Bengaluru,Karnataka,2026-05-23
CUS000334,Ayush,Rajagopal,nilima68@example.org,09151953999,Bengaluru,Karnataka,2024-03-31
CUS000335,Yuvraj,Behl,palindrajit@example.net,1747768587,Bengaluru,Karnataka,2023-09-17
CUS000336,Neel,Koshy,fpillay@example.net,04182019291,Mysuru,Karnataka,2025-10-15
CUS000337,Warhi,Venkatesh,muttiubika@example.org,+910639202775,Bengaluru,Karnataka,2026-04-10
CUS000338,Gautam,Shanker,leela12@example.org,+919405942849,Mysuru,Karnataka,2025-01-31
CUS000339,Pallavi,Sengupta,pbhatti@example.com,+917966046454,Bengaluru,Karnataka,2024-09-02
CUS000340,Dalaja,Loke,vvasa@example.com,3840982601,Bengaluru,Karnataka,2024-06-23
CUS000341,Upasna,Jani,barkharai@example.net,00796836957,Mysuru,Karnataka,2023-09-22
CUS000342,Ridhi,Atwal,pingledalbir@example.org,08601699589,Bengaluru,Karnataka,2024-01-08
CUS000343,Rishi,Chawla,ewagle@example.com,03598034097,Bengaluru,Karnataka,2026-02-16
CUS000344,Maanav,Toor,ighose@example.org,01299925691,Bengaluru,Karnataka,2023-12-03
CUS000345,Irya,Parmar,chaudharyrudra@example.org,+914255602764,Mysuru,Karnataka,2024-06-16
CUS000346,Osha,Kota,jagatsur@example.com,5805553015,Mysuru,Karnataka,2025-08-23
CUS000347,Ekaraj,Sastry,azad16@example.com,5674966793,Bengaluru,Karnataka,2026-05-04
CUS000348,Zilmil,Yohannan,inaya35@example.org,+919058650716,Bengaluru,Karnataka,2023-12-07
CUS000349,Chakradhar,Ben,rajeshri84@example.com,06498135884,Mysuru,Karnataka,2026-03-14
CUS000350,Forum,Mistry,mbalasubramanian@example.com,3301577232,Bengaluru,Karnataka,2025-06-02
CUS000351,Joshua,Thaker,nilimadevan@example.net,6917849009,Bengaluru,Karnataka,2024-07-25
CUS000352,Rayaan,Tandon,golakabir@example.org,8544937998,Mysuru,Karnataka,2024-11-01
CUS000353,Anirudh,Karnik,xavierkothari@example.org,+917257751411,Mysuru,Karnataka,2025-10-23
CUS000354,Ayush,Patla,brindagola@example.com,8982690206,Bengaluru,Karnataka,2026-05-19
CUS000355,Lakshmi,Murty,jyotidayal@example.org,+915118380717,Bengaluru,Karnataka,2025-05-19
CUS000356,Raksha,Chatterjee,modyveda@example.org,2436624440,Bengaluru,Karnataka,2024-01-01
CUS000357,Udant,Nagy,ckalla@example.org,+911226898618,Bengaluru,Karnataka,2025-07-14
CUS000358,Sai,Chandra,uppalira@example.net,+915728526239,Bengaluru,Karnataka,2024-08-18
CUS000359,Nitara,Patel,baradbenjamin@example.com,5103730191,Mysuru,Karnataka,2023-10-03
CUS000360,Nakul,Behl,mistrymatthew@example.net,03673159167,Mysuru,Karnataka,2025-06-04
CUS000361,Yug,Kuruvilla,iyengarsudiksha@example.net,+917320688194,Bengaluru,Karnataka,2023-09-23
CUS000362,Charita,Dayal,pdayal@example.com,+912200294444,Mysuru,Karnataka,2025-06-26
CUS000363,Manbir,Sura,gbalay@example.com,+910684968977,Bengaluru,Karnataka,2024-06-24
CUS000364,Ikbal,Chandran,kothariveda@example.net,01802027123,Bengaluru,Karnataka,2026-02-03
CUS000365,Gaurang,Mohanty,dattagautami@example.org,1535546111,Bengaluru,Karnataka,2024-11-02
CUS000366,Aashi,Sawhney,quincy73@example.net,7640244576,Mysuru,Karnataka,2026-05-21
CUS000367,Warhi,Doshi,jason60@example.org,+915011462160,Bengaluru,Karnataka,2025-11-30
CUS000368,Vansha,Parsa,amohan@example.com,2883206007,Bengaluru,Karnataka,2025-07-20
CUS000369,Kevin,Sharaf,ychad@example.net,9950822752,Mysuru,Karnataka,2024-09-23
CUS000370,Ayaan,Mangat,mugdhathakkar@example.com,3412470081,Mysuru,Karnataka,2025-07-10
CUS000371,Rachita,Sagar,saanvikata@example.net,+918835562122,Mysuru,Karnataka,2023-07-27
CUS000372,Mekhala,Chhabra,raghavanharini@example.net,3410129653,Bengaluru,Karnataka,2025-08-04
CUS000373,Kai,Bora,contractorarjun@example.org,08156899149,Bengaluru,Karnataka,2025-04-16
CUS000374,Krishna,Loyal,balendra93@example.com,+911932700382,Mysuru,Karnataka,2024-02-01
CUS000375,Jagvi,Kalla,advikprabhu@example.com,8385721993,Mysuru,Karnataka,2025-08-14
CUS000376,Triya,Kakar,inigam@example.org,+911151244025,Bengaluru,Karnataka,2025-07-01
CUS000377,Liam,Swamy,bhavinibasak@example.com,02162371699,Mysuru,Karnataka,2025-07-15
CUS000378,Chaman,Rattan,advikakumar@example.net,+919622689439,Bengaluru,Karnataka,2026-05-08
CUS000379,Ayush,Cherian,kashvi68@example.org,07685855766,Bengaluru,Karnataka,2024-12-24
CUS000380,Raagini,Patla,edugar@example.com,6748896891,Mysuru,Karnataka,2024-08-30
CUS000381,Utkarsh,Raman,fradovohra@example.org,00548960371,Mysuru,Karnataka,2026-03-03
CUS000382,Turvi,Sen,yramesh@example.org,03325145343,Mysuru,Karnataka,2025-09-16
CUS000383,Jagat,Pandey,ikbal84@example.org,+913512129571,Bengaluru,Karnataka,2024-01-03
CUS000384,Nathan,Wagle,sai29@example.org,+915290755388,Mysuru,Karnataka,2023-10-25
CUS000385,Garima,Kari,chandran47@example.com,+913896198076,Mysuru,Karnataka,2025-09-19
CUS000386,Raksha,Sekhon,urmibhatnagar@example.org,08872810924,Bengaluru,Karnataka,2024-06-22
CUS000387,Eesha,Ahuja,bahuja@example.net,01180218543,Bengaluru,Karnataka,2024-10-22
CUS000388,Dalaja,Gera,zrana@example.com,02018327367,Mysuru,Karnataka,2024-08-05
CUS000389,Ijaya,Nigam,vchakrabarti@example.com,08835712347,Bengaluru,Karnataka,2025-01-11
CUS000390,Charita,Shan,mchauhan@example.net,2160774085,Bengaluru,Karnataka,2025-09-18
CUS000391,Chakradhar,Rajagopal,rmutti@example.org,09498585056,Bengaluru,Karnataka,2026-05-15
CUS000392,Caleb,Chanda,yashasvimunshi@example.com,9851810503,Bengaluru,Karnataka,2026-06-08
CUS000393,Simon,Raja,lukenanda@example.com,+911354303107,Mysuru,Karnataka,2024-03-16
CUS000394,Indrajit,Borah,ekaraj57@example.org,08344282985,Mysuru,Karnataka,2024-10-27
CUS000395,Sai,Gade,shravya54@example.net,3464187583,Mysuru,Karnataka,2023-11-06
CUS000396,Manan,Venkatesh,dayamai17@example.net,03312524109,Bengaluru,Karnataka,2026-03-21
CUS000397,Ayaan,Sethi,zkannan@example.net,+917393870995,Mysuru,Karnataka,2024-04-05
CUS000398,Jonathan,Chand,ekiyabatra@example.org,7317334162,Bengaluru,Karnataka,2023-10-30
CUS000399,Nitara,Arya,dpai@example.org,+911620648035,Mysuru,Karnataka,2023-11-03
CUS000400,Udant,Toor,yagnesh03@example.net,00870503771,Bengaluru,Karnataka,2025-04-08
CUS000401,Dalaja,Prasad,fchoudhary@example.net,+911882137002,Bengaluru,Karnataka,2025-09-10
CUS000402,Balhaar,Kade,nmander@example.org,+917638734024,Mysuru,Karnataka,2026-04-15
CUS000403,Irya,Bhargava,harish49@example.net,+913969455456,Bengaluru,Karnataka,2025-11-26
CUS000404,Henry,Goswami,ddeol@example.net,03003851229,Mysuru,Karnataka,2026-05-01
CUS000405,Warda,Narayan,jack65@example.net,1248537194,Mysuru,Karnataka,2025-12-30
CUS000406,Balhaar,Tiwari,harinakshi79@example.com,+918569732893,Bengaluru,Karnataka,2024-12-02
CUS000407,Aachal,Pradhan,qbobal@example.org,08129998789,Bengaluru,Karnataka,2024-03-17
CUS000408,Harrison,Lad,aarnavmital@example.net,09342675795,Mysuru,Karnataka,2025-01-20
CUS000409,Jasmit,Mahajan,saanvi41@example.org,0732199850,Mysuru,Karnataka,2023-12-06
CUS000410,Bachittar,Seth,hayrelavanya@example.org,5057128588,Bengaluru,Karnataka,2024-09-03
CUS000411,Amol,Sani,rwable@example.com,+919063200857,Bengaluru,Karnataka,2026-02-21
CUS000412,Unni,Pingle,othaman@example.net,3185291183,Bengaluru,Karnataka,2026-04-30
CUS000413,Ranveer,Srinivas,chaturamorar@example.net,+915344319382,Mysuru,Karnataka,2025-02-19
CUS000414,Yutika,Venkatesh,basuwazir@example.com,7970678690,Mysuru,Karnataka,2025-05-21
CUS000415,Eiravati,Bajaj,hroy@example.org,02104315543,Bengaluru,Karnataka,2023-09-20
CUS000416,Lipika,Patel,vrishtichad@example.net,08341353353,Mysuru,Karnataka,2025-04-25
CUS000417,Yatan,Swamy,xavier12@example.org,+911894996484,Mysuru,Karnataka,2023-12-05
CUS000418,Nitara,Singhal,horabakhshi@example.net,09734807955,Bengaluru,Karnataka,2023-09-23
CUS000419,Inaya,Kunda,kohliaashi@example.org,+910361702412,Mysuru,Karnataka,2025-10-23
CUS000420,Radhika,Morar,baghyawati11@example.net,7719154222,Mysuru,Karnataka,2026-05-06
CUS000421,Maya,Ganesh,daksha70@example.com,1903498496,Mysuru,Karnataka,2023-08-08
CUS000422,Libni,Som,jasmit86@example.com,1773953523,Mysuru,Karnataka,2026-05-25
CUS000423,Aradhana,Saini,janaki45@example.net,+911703876671,Mysuru,Karnataka,2026-03-04
CUS000424,Prisha,Barman,kademanan@example.net,+911104904366,Mysuru,Karnataka,2025-09-20
CUS000425,Abdul,Vala,chanachakradev@example.org,08181120602,Bengaluru,Karnataka,2025-05-29
CUS000426,Madhav,Khalsa,cgoswami@example.org,1388635291,Bengaluru,Karnataka,2025-03-04
CUS000427,Divya,Loyal,bkaran@example.org,+914104768633,Mysuru,Karnataka,2024-08-20
CUS000428,Qadim,Raja,bishakha33@example.net,2503772102,Bengaluru,Karnataka,2026-05-27
CUS000429,Wakeeta,Devan,sunderkiaan@example.org,7445738894,Mysuru,Karnataka,2024-08-28
CUS000430,Chaman,Nadkarni,ekta32@example.net,06443632596,Mysuru,Karnataka,2025-02-25
CUS000431,Bhavani,Chatterjee,ekiyamuni@example.com,+910789327483,Bengaluru,Karnataka,2025-10-09
CUS000432,Ikshita,Narang,timothy82@example.com,0630281333,Bengaluru,Karnataka,2025-06-25
CUS000433,Rehaan,Batta,dasrishi@example.org,07737543433,Bengaluru,Karnataka,2024-01-05
CUS000434,Urmi,Seth,kavya36@example.org,+918321912454,Mysuru,Karnataka,2023-12-30
CUS000435,Tejas,Dhar,azaankhare@example.org,07091809744,Mysuru,Karnataka,2025-11-06
CUS000436,Nilima,Sha,fsem@example.net,+910625270660,Mysuru,Karnataka,2023-12-14
CUS000437,Ishwar,Bail,pbhakta@example.org,4433629212,Bengaluru,Karnataka,2025-11-26
CUS000438,Banjeet,Shukla,misraelijah@example.com,4989276030,Mysuru,Karnataka,2023-10-23
CUS000439,Qadim,Cheema,kumarkeya@example.com,07548933125,Mysuru,Karnataka,2023-08-05
CUS000440,Jalsa,Dugar,aayush30@example.org,1999817146,Mysuru,Karnataka,2024-12-28
CUS000441,Reyansh,Tiwari,udantbhardwaj@example.com,4456642854,Mysuru,Karnataka,2026-01-08
CUS000442,Indali,Devi,jyoti61@example.com,+914153326818,Mysuru,Karnataka,2025-11-07
CUS000443,Andrew,Gala,christopher85@example.org,+914216453289,Mysuru,Karnataka,2024-03-30
CUS000444,Alka,Prakash,krishna09@example.net,06569963038,Bengaluru,Karnataka,2025-04-19
CUS000445,Teerth,Shukla,joshua67@example.org,+916531071708,Bengaluru,Karnataka,2026-04-24
CUS000446,Sudiksha,Acharya,buchgagan@example.org,5195608404,Mysuru,Karnataka,2025-07-02
CUS000447,Chakrika,Anne,harinichacko@example.com,1721092224,Mysuru,Karnataka,2025-02-21
CUS000448,Benjamin,Bath,rachananatt@example.org,6440823633,Bengaluru,Karnataka,2023-10-16
CUS000449,Yuvraj,Parmer,laksh25@example.com,05361346085,Bengaluru,Karnataka,2024-12-21
CUS000450,Mohini,Chakraborty,forumtailor@example.net,8059932950,Bengaluru,Karnataka,2024-03-15
CUS000451,Kritika,Ray,chatreshsehgal@example.org,7735503598,Bengaluru,Karnataka,2026-07-16
CUS000452,Isha,Oommen,fpal@example.com,+917960676699,Mysuru,Karnataka,2025-01-25
CUS000453,Raghav,Choudhary,patilyadavi@example.net,08535495397,Mysuru,Karnataka,2023-11-05
CUS000454,Praneel,Sidhu,zehaan72@example.net,+914654757590,Mysuru,Karnataka,2026-03-09
CUS000455,Joshua,Bal,jaiwalia@example.org,02499422553,Bengaluru,Karnataka,2025-12-01
CUS000456,Wishi,Agrawal,dastimothy@example.net,0984493823,Bengaluru,Karnataka,2023-10-15
CUS000457,Chatura,Boase,bguha@example.com,00829022203,Bengaluru,Karnataka,2025-01-01
CUS000458,Naveen,Sastry,rudradara@example.com,08247837770,Mysuru,Karnataka,2025-10-17
CUS000459,Ishaan,Koshy,saanvikumar@example.org,+915800248983,Bengaluru,Karnataka,2025-01-31
CUS000460,Zinal,Bir,ekaja89@example.com,+910813966517,Bengaluru,Karnataka,2025-08-18
CUS000461,Ethan,Badami,zehaandatta@example.com,8945528339,Bengaluru,Karnataka,2025-06-07
CUS000462,Madhav,Bhatia,rbanik@example.net,4319572195,Bengaluru,Karnataka,2023-10-02
CUS000463,Yashoda,Sachdev,bnatarajan@example.net,+912623178679,Bengaluru,Karnataka,2025-09-05
CUS000464,Januja,Oommen,georgesaxena@example.net,05648235420,Bengaluru,Karnataka,2025-08-31
CUS000465,Noah,Dara,vanya69@example.net,01412027977,Bengaluru,Karnataka,2024-01-03
CUS000466,Bahadurjit,Goyal,cdube@example.net,6226847312,Mysuru,Karnataka,2026-07-12
CUS000467,Advik,Ratta,grewalagastya@example.org,08406824151,Mysuru,Karnataka,2025-10-24
CUS000468,Yashvi,Mandal,wasonsachi@example.com,9347739833,Mysuru,Karnataka,2026-06-25
CUS000469,Balhaar,Badal,saisamra@example.net,02909032817,Bengaluru,Karnataka,2025-07-16
CUS000470,Yashica,Nayak,umenon@example.com,05107552105,Mysuru,Karnataka,2024-05-10
CUS000471,Meghana,Gola,kamyachakrabarti@example.net,+919876554431,Mysuru,Karnataka,2026-04-10
CUS000472,Isaac,Golla,kchacko@example.org,09621991688,Mysuru,Karnataka,2024-02-16
CUS000473,Priya,Kapur,waidakunda@example.com,5372559880,Bengaluru,Karnataka,2023-08-14
CUS000474,Unnati,Master,mtiwari@example.org,03493068010,Bengaluru,Karnataka,2024-06-27
CUS000475,Girik,Bhagat,vedhikadalia@example.com,8552686988,Bengaluru,Karnataka,2024-04-13
CUS000476,Mekhala,Jain,taraknarula@example.com,05098453471,Bengaluru,Karnataka,2025-09-01
CUS000477,Aashi,Mital,sastryhemangini@example.org,+919109122947,Bengaluru,Karnataka,2026-02-04
CUS000478,Rishi,Butala,duttakiaan@example.com,8191756268,Bengaluru,Karnataka,2026-01-17
CUS000479,Aashi,Manne,unnipathak@example.net,07659457065,Bengaluru,Karnataka,2026-04-01
CUS000480,Lakshit,Sahota,jayaramanaachal@example.org,03874764123,Bengaluru,Karnataka,2026-05-10
CUS000481,Dayamai,Palla,vdave@example.org,01360246004,Mysuru,Karnataka,2024-11-07
CUS000482,Gautami,Zacharia,dadaleela@example.com,01852024533,Bengaluru,Karnataka,2025-08-18
CUS000483,Reva,Sandhu,advay13@example.net,03741834247,Bengaluru,Karnataka,2023-09-06
CUS000484,Yug,Bahri,lramakrishnan@example.org,+917812126509,Bengaluru,Karnataka,2025-05-08
CUS000485,Avi,Sachdeva,usinghal@example.org,03727979663,Mysuru,Karnataka,2024-08-17
CUS000486,Yatan,Malhotra,janani19@example.com,09136282988,Bengaluru,Karnataka,2026-05-07
CUS000487,Samesh,Palan,dateojas@example.com,4462417700,Bengaluru,Karnataka,2024-02-28
CUS000488,Zaitra,Prashad,ebhakta@example.com,2271220223,Mysuru,Karnataka,2025-09-13
CUS000489,Diya,Bhat,oliver10@example.org,+919788678948,Bengaluru,Karnataka,2024-10-24
CUS000490,Ikshita,Choudhry,zchar@example.net,+919320212662,Mysuru,Karnataka,2025-07-07
CUS000491,Tara,Manne,unnatidesai@example.com,+911841968552,Bengaluru,Karnataka,2023-10-31
CUS000492,Bahadurjit,Manda,farajminhas@example.org,+911781469940,Bengaluru,Karnataka,2024-11-29
CUS000493,Aarini,Mane,bhavanimani@example.net,8597983058,Bengaluru,Karnataka,2026-05-02
CUS000494,Kala,Mane,pillaybalveer@example.net,01043108465,Mysuru,Karnataka,2025-08-20
CUS000495,Eta,Dara,xitidhingra@example.net,07107520005,Bengaluru,Karnataka,2025-05-07
CUS000496,Devansh,Malhotra,kapooroviya@example.org,+914642862773,Mysuru,Karnataka,2025-06-22
CUS000497,Warinder,Shankar,siddharth33@example.org,3098734596,Mysuru,Karnataka,2023-10-29
CUS000498,Falak,Nadkarni,bahadurjitganguly@example.com,+910013129162,Mysuru,Karnataka,2025-11-28
CUS000499,Zaid,Gandhi,madhavi73@example.net,+910067645798,Bengaluru,Karnataka,2024-03-09
CUS000500,Chandresh,Jani,prishawali@example.net,07324076766,Mysuru,Karnataka,2025-03-01
CUS000501,Girindra,Guha,ekta58@example.net,1886826963,Mysuru,Karnataka,2025-05-01
CUS000502,Sara,Om,krish62@example.org,7260703747,Bengaluru,Karnataka,2024-11-03
CUS000503,Alka,Raj,adya88@example.net,1605941160,Bengaluru,Karnataka,2023-08-15
CUS000504,Nidhi,Radhakrishnan,jeetkamdar@example.net,1517667167,Bengaluru,Karnataka,2024-05-21
CUS000505,Chandran,Jha,kgade@example.org,06387506959,Bengaluru,Karnataka,2024-03-20
CUS000506,Lakshmi,Sane,modyyashoda@example.net,04664268595,Bengaluru,Karnataka,2026-04-23
CUS000507,Neelima,Bhatti,vroy@example.net,02639963968,Mysuru,Karnataka,2024-01-04
CUS000508,Akshay,Vohra,sudiksha74@example.com,04993249326,Mysuru,Karnataka,2025-10-31
CUS000509,Naveen,Pandya,sarthak63@example.com,+915087553464,Bengaluru,Karnataka,2025-12-07
CUS000510,Girish,Khatri,vdara@example.org,04005382505,Mysuru,Karnataka,2025-05-14
CUS000511,Ishani,Subramanian,ikaran@example.org,+916128384847,Mysuru,Karnataka,2024-03-07
CUS000512,Owen,Bajwa,wakeetavyas@example.com,5580429387,Mysuru,Karnataka,2025-04-02
CUS000513,Ekiya,Radhakrishnan,isha22@example.com,06463676982,Mysuru,Karnataka,2024-03-31
CUS000514,Tanish,Ahluwalia,ladli67@example.org,+912796970490,Bengaluru,Karnataka,2024-03-01
CUS000515,Yachana,Kumer,yadavigarg@example.org,05138251999,Bengaluru,Karnataka,2024-08-22
CUS000516,Frado,Walla,nakshwalla@example.net,+918581330325,Bengaluru,Karnataka,2024-09-01
CUS000517,Faraj,Mallick,timothysha@example.org,+911659794401,Mysuru,Karnataka,2024-12-05
CUS000518,Madhav,Radhakrishnan,bahadurjit40@example.com,00739338558,Bengaluru,Karnataka,2024-11-10
CUS000519,Omya,Chopra,dorajagdish@example.net,9701160216,Mysuru,Karnataka,2025-03-01
CUS000520,Devika,Soman,panini28@example.com,+917009202717,Mysuru,Karnataka,2025-08-23
CUS000521,Mahika,Dhaliwal,rajatanagi@example.org,+916318669755,Bengaluru,Karnataka,2024-02-01
CUS000522,Yahvi,Bhatnagar,ranbirnagar@example.org,7511896153,Bengaluru,Karnataka,2024-01-16
CUS000523,Divya,Borah,bavaamara@example.net,+911398510768,Mysuru,Karnataka,2024-06-06
CUS000524,Ekapad,Solanki,garimakalita@example.org,+916837073319,Mysuru,Karnataka,2024-02-19
CUS000525,Isaiah,Mangat,bhavika91@example.com,+918415193961,Mysuru,Karnataka,2026-07-17
CUS000526,Harini,Deol,fdass@example.net,07782070425,Mysuru,Karnataka,2024-12-28
CUS000527,Dhriti,Patla,aahananagarajan@example.com,06517125476,Bengaluru,Karnataka,2025-06-02
CUS000528,Chaman,Bhattacharyya,swamyreyansh@example.net,8193880197,Mysuru,Karnataka,2023-11-16
CUS000529,Praneel,Banik,lakshdutta@example.org,+919097910834,Bengaluru,Karnataka,2024-09-30
CUS000530,Vritti,Nagar,chandraniharika@example.org,01189453959,Bengaluru,Karnataka,2025-06-01
CUS000531,Ishita,Kurian,kaulijaya@example.com,+915906424127,Bengaluru,Karnataka,2024-06-07
CUS000532,Deepa,Rastogi,dchar@example.org,00494480725,Bengaluru,Karnataka,2025-05-17
CUS000533,Nathaniel,Dara,vedantbajwa@example.org,+919488404756,Bengaluru,Karnataka,2026-01-05
CUS000534,Sanaya,Chakraborty,gagankade@example.org,+918955218657,Bengaluru,Karnataka,2025-05-24
CUS000535,Dhruv,Narain,finn14@example.org,3936376564,Mysuru,Karnataka,2026-06-30
CUS000536,Manbir,Sharaf,wishi49@example.net,9288002076,Mysuru,Karnataka,2026-01-13
CUS000537,Nicholas,Sood,nedwin@example.net,+914798366363,Bengaluru,Karnataka,2023-10-29
CUS000538,Damyanti,Srinivas,lparikh@example.org,+912109078987,Bengaluru,Karnataka,2024-10-23
CUS000539,Ekantika,Ahluwalia,minhaschatresh@example.com,07168837022,Mysuru,Karnataka,2023-07-24
CUS000540,Vedika,Agrawal,prashadudarsh@example.com,08380653286,Bengaluru,Karnataka,2024-12-03
CUS000541,Gayathri,Deshmukh,inazareth@example.net,6359932781,Mysuru,Karnataka,2024-01-10
CUS000542,Alexander,Banerjee,krishvaishnavi@example.org,+918423617892,Bengaluru,Karnataka,2026-03-27
CUS000543,Yashvi,Dubey,charvihaan@example.com,+916556454561,Mysuru,Karnataka,2023-10-31
CUS000544,Dhriti,Gopal,sarnabalveer@example.org,00877233594,Mysuru,Karnataka,2026-03-18
CUS000545,Hritik,Kakar,znaidu@example.com,0606537938,Bengaluru,Karnataka,2025-05-13
CUS000546,Vrishti,Gopal,saibrahmbhatt@example.net,+914138668297,Mysuru,Karnataka,2025-06-20
CUS000547,Jyoti,Prabhu,koshyhiral@example.com,9899636210,Mysuru,Karnataka,2025-08-27
CUS000548,Mekhala,Sidhu,znaidu@example.com,07605835506,Bengaluru,Karnataka,2025-12-17
CUS000549,Aarnav,Kohli,girindraom@example.com,09017062429,Bengaluru,Karnataka,2026-04-28
CUS000550,Anvi,Merchant,gkaur@example.net,07345029461,Bengaluru,Karnataka,2026-01-09
CUS000551,Saksham,Yadav,faris73@example.net,03833624215,Mysuru,Karnataka,2023-09-09
CUS000552,Arin,Sem,rajata99@example.org,+915378624268,Bengaluru,Karnataka,2025-05-18
CUS000553,Abhiram,Nagarajan,raghavankabir@example.net,03786955454,Mysuru,Karnataka,2026-03-19
CUS000554,Damini,Krishna,vsom@example.net,04375075030,Bengaluru,Karnataka,2025-08-23
CUS000555,Kalpit,Setty,gauri79@example.com,9757365920,Bengaluru,Karnataka,2024-05-04
CUS000556,Lopa,Manne,udyatikohli@example.org,1200579891,Mysuru,Karnataka,2024-11-11
CUS000557,Rachita,Rege,jeet32@example.com,4332801180,Bengaluru,Karnataka,2023-12-28
CUS000558,Ekalinga,Kashyap,wridesh33@example.net,+914084569298,Bengaluru,Karnataka,2025-03-28
CUS000559,Farhan,Krish,regekeya@example.net,+917420930689,Mysuru,Karnataka,2024-03-11
CUS000560,Janani,Chawla,baljiwan79@example.org,9129858181,Mysuru,Karnataka,2024-12-28
CUS000561,Chandresh,Wali,dayita44@example.org,+919428524814,Bengaluru,Karnataka,2024-11-14
CUS000562,Lakshmi,Nanda,badalnaksh@example.com,9525936182,Bengaluru,Karnataka,2025-03-31
CUS000563,Nathan,Nagy,lajita12@example.net,09764417955,Bengaluru,Karnataka,2025-06-07
CUS000564,Raksha,Krishna,zdar@example.net,09907468781,Bengaluru,Karnataka,2025-04-01
CUS000565,Warhi,Viswanathan,dharupma@example.net,+910052456107,Mysuru,Karnataka,2024-09-29
CUS000566,Lakshit,Borah,niharika74@example.org,05219861925,Mysuru,Karnataka,2025-05-10
CUS000567,Vanya,Dhaliwal,dakshagade@example.org,0391905952,Mysuru,Karnataka,2023-10-19
CUS000568,Ekanta,Naik,dadagautami@example.net,+918577240576,Bengaluru,Karnataka,2024-01-10
CUS000569,Gayathri,Magar,azaanmistry@example.org,09847475854,Bengaluru,Karnataka,2024-05-08
CUS000570,Yatin,Hayre,manibhavika@example.org,9880542573,Bengaluru,Karnataka,2026-02-01
CUS000571,Dayamai,Lala,qchoudhury@example.org,3475810110,Bengaluru,Karnataka,2024-08-12
CUS000572,Krish,Shere,leela91@example.com,6259207420,Bengaluru,Karnataka,2024-11-06
CUS000573,Jack,Bhardwaj,paurushil@example.org,+914245096318,Bengaluru,Karnataka,2025-03-09
CUS000574,Hemangini,Khosla,uprashad@example.net,+915010893545,Bengaluru,Karnataka,2024-02-15
CUS000575,Abdul,Devi,imander@example.net,09998087365,Bengaluru,Karnataka,2026-03-27
CUS000576,Upma,Parsa,urmi32@example.net,+918533091806,Mysuru,Karnataka,2024-06-26
CUS000577,Vihaan,Loke,sbhavsar@example.net,+912705275494,Mysuru,Karnataka,2025-08-18
CUS000578,Zinal,Parmer,kothariayushman@example.org,3340502920,Mysuru,Karnataka,2023-09-05
CUS000579,Bina,Krish,dyalgaurangi@example.com,6473911224,Mysuru,Karnataka,2025-06-19
CUS000580,Hemal,Mahajan,vincentmann@example.org,+918878058210,Mysuru,Karnataka,2025-09-13
CUS000581,Rajeshri,Majumdar,gulatilekha@example.com,5783098826,Bengaluru,Karnataka,2023-07-25
CUS000582,Ojasvi,Datta,anikabajwa@example.com,3584958715,Mysuru,Karnataka,2025-05-23
CUS000583,Chatura,Kapadia,nmannan@example.com,+915290129328,Mysuru,Karnataka,2025-09-22
CUS000584,Gunbir,Loyal,dpatil@example.org,+917303131450,Mysuru,Karnataka,2024-03-02
CUS000585,Daksh,Thaman,siddharthhari@example.net,+911659020511,Mysuru,Karnataka,2026-02-16
CUS000586,Riya,Pai,gvohra@example.com,7689775514,Bengaluru,Karnataka,2025-07-16
CUS000587,Ekavir,Mani,noah99@example.net,02135326569,Mysuru,Karnataka,2023-08-05
CUS000588,Theodore,Sawhney,emagar@example.org,04742366071,Mysuru,Karnataka,2025-09-11
CUS000589,Chavvi,Natt,bhavyaratta@example.net,+917586427475,Bengaluru,Karnataka,2025-03-26
CUS000590,Thomas,Hans,balhaardugal@example.net,2037580911,Bengaluru,Karnataka,2024-06-02
CUS000591,Liam,Bawa,bina11@example.com,8844503164,Mysuru,Karnataka,2026-04-01
CUS000592,Arya,Sunder,watika26@example.net,+912141472505,Bengaluru,Karnataka,2025-10-08
CUS000593,Aryan,Goel,janyaseth@example.org,+917315585981,Mysuru,Karnataka,2026-01-14
CUS000594,Wyatt,Chakrabarti,diya43@example.net,5697774077,Bengaluru,Karnataka,2023-09-03
CUS000595,Bhavya,Thakur,amolchand@example.org,7328357289,Mysuru,Karnataka,2024-02-02
CUS000596,Ayush,Manne,hema31@example.net,01824311271,Bengaluru,Karnataka,2024-05-13
CUS000597,Ekanta,Sampath,amitra@example.net,+910150540586,Mysuru,Karnataka,2024-11-11
CUS000598,Ati,Garg,osridhar@example.org,08639501369,Mysuru,Karnataka,2025-10-19
CUS000599,Tanvi,Pau,boraanirudh@example.com,+912196336761,Bengaluru,Karnataka,2024-08-21
CUS000600,Nitara,Kaul,hdhingra@example.com,06957411708,Bengaluru,Karnataka,2026-02-07
CUS000601,Andrew,Jayaraman,yauvanibarad@example.net,7452890669,Mysuru,Karnataka,2024-05-11
CUS000602,Dominic,Shankar,wkhatri@example.net,+915473785766,Bengaluru,Karnataka,2023-11-28
CUS000603,Azad,Pal,bsundaram@example.com,2622576507,Mysuru,Karnataka,2025-05-06
CUS000604,Maanas,Kapoor,deshpandeimaran@example.net,+913689227612,Mysuru,Karnataka,2025-12-12
CUS000605,Yashica,Prabhu,kothariabdul@example.net,04854133874,Bengaluru,Karnataka,2023-12-10
CUS000606,Ucchal,Yadav,riyapalla@example.com,+918739576964,Mysuru,Karnataka,2023-10-02
CUS000607,Abhiram,Mukhopadhyay,udivan@example.net,09280126703,Mysuru,Karnataka,2024-06-05
CUS000608,Priya,Dhillon,upasnapurohit@example.net,04119695667,Bengaluru,Karnataka,2024-07-21
CUS000609,Ojas,Kurian,gaurav63@example.net,+917333809429,Bengaluru,Karnataka,2025-07-24
CUS000610,Lila,Bhattacharyya,warinderdutta@example.net,4277753565,Bengaluru,Karnataka,2026-05-07
CUS000611,Lohit,Chaudhuri,kashish52@example.com,+917326489044,Bengaluru,Karnataka,2025-07-21
CUS000612,Ansh,Madan,andrew80@example.org,+915562358101,Bengaluru,Karnataka,2023-08-01
CUS000613,Daniel,Kant,bediwazir@example.net,7340312079,Bengaluru,Karnataka,2024-06-23
CUS000614,Parth,Char,kalagulati@example.net,+913460231282,Mysuru,Karnataka,2025-03-07
CUS000615,Baljiwan,Sami,parthsubramaniam@example.com,04583911045,Bengaluru,Karnataka,2024-12-23
CUS000616,Atharv,Kaul,prisha68@example.net,+915774150757,Mysuru,Karnataka,2023-12-14
CUS000617,Zaitra,Goswami,gadefrado@example.com,5136253945,Bengaluru,Karnataka,2023-12-06
CUS000618,Chandresh,Comar,braraarini@example.net,08036910969,Bengaluru,Karnataka,2025-05-28
CUS000619,Yuvraj,Loke,hmani@example.org,+917373488043,Bengaluru,Karnataka,2025-10-04
CUS000620,Zilmil,Choudhry,gautami18@example.com,7561217566,Mysuru,Karnataka,2023-11-04
CUS000621,Avni,Johal,asunder@example.com,06504823026,Mysuru,Karnataka,2026-04-22
CUS000622,Omaja,Tiwari,framaswamy@example.net,+910909364702,Mysuru,Karnataka,2024-02-25
CUS000623,Bishakha,Kapur,manneyashawini@example.net,04855106199,Mysuru,Karnataka,2024-11-09
CUS000624,Isaiah,Purohit,bsahni@example.org,+917541980788,Bengaluru,Karnataka,2025-03-08
CUS000625,Luke,Nigam,greddy@example.com,4908253415,Mysuru,Karnataka,2025-06-14
CUS000626,Janani,Som,diyasetty@example.com,08596380032,Bengaluru,Karnataka,2023-12-26
CUS000627,Arjun,Sankar,yatinbose@example.com,7225860047,Mysuru,Karnataka,2023-07-25
CUS000628,Harish,Badami,wakeeta42@example.com,02968596471,Mysuru,Karnataka,2026-03-23
CUS000629,Anjali,Borah,saurora@example.com,3970939025,Mysuru,Karnataka,2024-04-20
CUS000630,Ekalinga,Muni,ktata@example.net,09673369006,Bengaluru,Karnataka,2025-08-03
CUS000631,Eiravati,Deo,mitteraachal@example.org,0459930665,Mysuru,Karnataka,2025-03-19
CUS000632,Victor,Kar,jasmitpau@example.com,+914356064357,Mysuru,Karnataka,2026-03-01
CUS000633,Madhav,Kamdar,rsaran@example.com,2413527016,Bengaluru,Karnataka,2025-08-12
CUS000634,Falak,Bahri,gvarkey@example.com,8279008264,Mysuru,Karnataka,2025-10-07
CUS000635,Vritti,Walia,varmanaveen@example.net,03652936490,Mysuru,Karnataka,2025-04-22
CUS000636,Pavani,Biswas,vanyadara@example.net,+918984599602,Bengaluru,Karnataka,2026-03-21
CUS000637,Patrick,Banik,qushimorar@example.com,8034544100,Bengaluru,Karnataka,2025-11-14
CUS000638,Akshay,Merchant,agatecharita@example.com,05670285922,Bengaluru,Karnataka,2024-05-18
CUS000639,Ekapad,Sule,nagymaya@example.net,+916922358809,Mysuru,Karnataka,2023-10-10
CUS000640,Siya,Khanna,telladipta@example.org,+919572661522,Mysuru,Karnataka,2026-04-21
CUS000641,Dayita,Sunder,aarush64@example.net,+915657407942,Bengaluru,Karnataka,2025-05-17
CUS000642,Brijesh,Das,kannanyashvi@example.com,8364065545,Mysuru,Karnataka,2025-12-08
CUS000643,Janani,Srinivasan,sathebhavna@example.org,+916384227479,Bengaluru,Karnataka,2026-07-11
CUS000644,Darsh,Bassi,amolsule@example.com,+911251303521,Bengaluru,Karnataka,2025-02-16
CUS000645,Hardik,Nanda,janyahayer@example.com,+918636087212,Mysuru,Karnataka,2024-08-21
CUS000646,Anjali,Dhingra,vbhattacharyya@example.org,5774983334,Mysuru,Karnataka,2025-01-23
CUS000647,Anay,Bhargava,anaysankar@example.org,+916212716744,Mysuru,Karnataka,2025-02-11
CUS000648,Samarth,Bal,tnair@example.net,+915569184981,Mysuru,Karnataka,2026-01-21
CUS000649,Unni,Palla,gauravnarayan@example.org,07360840198,Bengaluru,Karnataka,2026-06-04
CUS000650,Zaitra,Venkataraman,zayyan98@example.com,09723564053,Mysuru,Karnataka,2024-01-06
CUS000651,Krisha,Chanda,kairastogi@example.net,01319007698,Mysuru,Karnataka,2023-09-23
CUS000652,Yadavi,Sarna,gardehemani@example.org,5770791359,Bengaluru,Karnataka,2025-11-26
CUS000653,Aarav,Grewal,abajaj@example.org,+915573358811,Mysuru,Karnataka,2024-04-18
CUS000654,Yoshita,Sood,hamsini40@example.net,02941239856,Bengaluru,Karnataka,2024-04-20
CUS000655,Girish,Merchant,warda52@example.com,05539952752,Mysuru,Karnataka,2024-01-03
CUS000656,Radhika,Yohannan,kotharitanmayi@example.org,+911920407438,Mysuru,Karnataka,2025-11-11
CUS000657,Nidhi,Dhingra,tarasama@example.org,05358580803,Mysuru,Karnataka,2025-05-14
CUS000658,Vidhi,Din,omajavarkey@example.org,03980680166,Mysuru,Karnataka,2026-01-02
CUS000659,Vinaya,Bains,tsandhu@example.org,+914308013324,Mysuru,Karnataka,2024-06-14
CUS000660,Liam,Mohan,ishanisachdeva@example.net,07031744507,Bengaluru,Karnataka,2026-03-29
CUS000661,Owen,Kanda,libni48@example.com,08280203388,Bengaluru,Karnataka,2025-05-24
CUS000662,Laban,Shan,falakgoyal@example.net,2883492416,Mysuru,Karnataka,2024-09-15
CUS000663,Eiravati,Bir,cvarty@example.net,08666742304,Mysuru,Karnataka,2024-09-13
CUS000664,Peter,Sarin,yvarughese@example.com,+917298584710,Mysuru,Karnataka,2026-03-03
CUS000665,Aashi,Sanghvi,dharunnati@example.com,8457986210,Bengaluru,Karnataka,2025-05-28
CUS000666,Megha,Dhar,ramsimon@example.org,+913334927730,Bengaluru,Karnataka,2024-11-02
CUS000667,Raksha,Grover,doramichael@example.org,+912993374629,Mysuru,Karnataka,2025-04-08
CUS000668,Rayaan,Rajan,wmanne@example.com,6139102652,Mysuru,Karnataka,2024-11-02
CUS000669,Onveer,Bhatt,dalbirmenon@example.org,03731529893,Bengaluru,Karnataka,2023-08-21
CUS000670,Watika,Bala,bhattjagvi@example.com,3925382605,Mysuru,Karnataka,2025-03-23
CUS000671,Madhavi,Dube,madhav76@example.com,+911085168178,Mysuru,Karnataka,2024-04-14
CUS000672,Kashish,Bhalla,bhavnabajwa@example.com,01816325846,Bengaluru,Karnataka,2024-10-18
CUS000673,Ojas,Warrior,ggoel@example.com,09429796861,Bengaluru,Karnataka,2026-02-18
CUS000674,Tamanna,Contractor,rsandal@example.org,00807170720,Bengaluru,Karnataka,2024-12-15
CUS000675,Abeer,Chhabra,mkala@example.com,+915265986092,Bengaluru,Karnataka,2026-07-22
CUS000676,Panini,Rajan,krisha30@example.org,8660970376,Bengaluru,Karnataka,2025-03-08
CUS000677,Ekaja,Kant,anagarajan@example.net,0537465711,Mysuru,Karnataka,2025-10-10
CUS000678,Baljiwan,Thaman,benjaminde@example.net,01433124871,Mysuru,Karnataka,2025-06-19
CUS000679,Garima,Sahota,xbal@example.com,02458991218,Mysuru,Karnataka,2024-08-27
CUS000680,Udarsh,Prashad,manan51@example.org,+916705665353,Bengaluru,Karnataka,2025-11-02
CUS000681,Naksh,Gaba,gaurangprabhakar@example.com,4089528253,Bengaluru,Karnataka,2024-11-09
CUS000682,Umang,Kant,choudhurybhavna@example.org,9328477308,Mysuru,Karnataka,2024-12-22
CUS000683,Shivansh,Kota,sarinoliver@example.net,+916910199727,Mysuru,Karnataka,2024-11-01
CUS000684,Anjali,Chaudhari,rajata59@example.net,+914100944240,Bengaluru,Karnataka,2025-08-24
CUS000685,Jairaj,Nair,zdada@example.org,02425646143,Mysuru,Karnataka,2024-05-01
CUS000686,Widisha,Mody,lnaidu@example.com,+918376523659,Bengaluru,Karnataka,2026-01-12
CUS000687,Luke,Bose,santbishakha@example.org,09716568790,Bengaluru,Karnataka,2024-03-30
CUS000688,Yauvani,Goda,borayash@example.net,+918468364288,Mysuru,Karnataka,2025-09-17
CUS000689,Jatin,Yogi,dyalgagan@example.net,04825854225,Bengaluru,Karnataka,2024-06-27
CUS000690,Mugdha,Sathe,sjayaraman@example.com,03790028024,Mysuru,Karnataka,2024-02-02
CUS000691,Anamika,Kade,ksood@example.org,00181181331,Bengaluru,Karnataka,2025-10-07
CUS000692,Upadhriti,Dixit,paizaid@example.org,+911971069581,Bengaluru,Karnataka,2026-03-07
CUS000693,Geetika,Chandran,lukekhare@example.net,03215674899,Bengaluru,Karnataka,2026-03-01
CUS000694,Hiral,Loke,nathanielthaman@example.net,+917462331725,Mysuru,Karnataka,2024-11-26
CUS000695,Oni,Kohli,luckychoudhury@example.net,1365271624,Mysuru,Karnataka,2024-08-14
CUS000696,Ikbal,Dua,srinivasbrijesh@example.org,+912039933793,Bengaluru,Karnataka,2024-06-24
CUS000697,Jyoti,Sibal,sanya79@example.com,09192344873,Bengaluru,Karnataka,2024-10-03
CUS000698,Yachana,De,jhavincent@example.net,06501197196,Mysuru,Karnataka,2025-11-26
CUS000699,Shivansh,Rajan,edixit@example.org,+915941916412,Bengaluru,Karnataka,2025-07-22
CUS000700,Gabriel,Palla,dhritivohra@example.org,06582321092,Bengaluru,Karnataka,2025-08-06
CUS000701,Kai,Bahri,forumrandhawa@example.net,+919995472156,Mysuru,Karnataka,2024-12-05
CUS000702,Jason,Arora,lopa72@example.net,+911045423369,Bengaluru,Karnataka,2026-02-25
CUS000703,Tanish,Bobal,nbanik@example.com,+919728593448,Mysuru,Karnataka,2024-12-18
CUS000704,Owen,Kapoor,nayakchavvi@example.org,3382216095,Mysuru,Karnataka,2025-06-11
CUS000705,Siddharth,Rajagopalan,dnarain@example.net,07452290357,Bengaluru,Karnataka,2023-12-05
CUS000706,Qarin,De,gaurika26@example.net,+910788559221,Bengaluru,Karnataka,2023-08-01
CUS000707,Harinakshi,Divan,girish43@example.org,07642678230,Mysuru,Karnataka,2025-11-29
CUS000708,Aadi,Memon,ksastry@example.com,07962427417,Mysuru,Karnataka,2026-06-17
CUS000709,Vidhi,Sunder,dmadan@example.org,7511833630,Mysuru,Karnataka,2025-02-05
CUS000710,Bhavani,Gokhale,icherian@example.org,+913252611268,Mysuru,Karnataka,2025-04-25
CUS000711,Aachal,Bhasin,latapratyush@example.net,+919579089374,Mysuru,Karnataka,2025-01-11
CUS000712,Ekansh,Yogi,doshifariq@example.com,+916253214971,Mysuru,Karnataka,2024-09-15
CUS000713,Neel,Garde,ishadoctor@example.net,01928000780,Bengaluru,Karnataka,2024-01-03
CUS000714,Priya,Pathak,triptichaudhry@example.com,05967673321,Mysuru,Karnataka,2023-12-16
CUS000715,Anthony,Nagar,jairajganguly@example.net,06169880837,Bengaluru,Karnataka,2025-12-21
CUS000716,Ishaan,Cheema,damyanti17@example.com,2975656920,Mysuru,Karnataka,2023-10-13
CUS000717,Anvi,Kapoor,chandran79@example.org,+912354281502,Bengaluru,Karnataka,2025-02-04
CUS000718,Bhavna,Cherian,dewanayush@example.com,3014639893,Bengaluru,Karnataka,2026-01-01
CUS000719,Vivaan,Sahota,rajataprasad@example.org,+916849386951,Mysuru,Karnataka,2024-12-20
CUS000720,Aahana,Bhagat,ucchal39@example.net,+918850709934,Mysuru,Karnataka,2024-11-26
CUS000721,Ira,Chaudhary,xsani@example.com,8940928798,Mysuru,Karnataka,2024-09-14
CUS000722,Rachita,Saha,charlesnath@example.com,04324708034,Bengaluru,Karnataka,2024-06-21
CUS000723,Gautam,Padmanabhan,qushichoudhry@example.org,0287574814,Mysuru,Karnataka,2025-11-05
CUS000724,Guneet,Ganesh,kashyapkrishna@example.com,1911463022,Bengaluru,Karnataka,2024-02-22
CUS000725,Janya,Shere,wdasgupta@example.net,06288124835,Mysuru,Karnataka,2023-10-03
CUS000726,Anirudh,Atwal,gavin75@example.com,+919510910572,Mysuru,Karnataka,2025-05-31
CUS000727,Anusha,Ravel,amara35@example.org,7902335227,Mysuru,Karnataka,2026-01-20
CUS000728,Praneel,Mitra,chandaninadkarni@example.net,7806573145,Mysuru,Karnataka,2024-07-27
CUS000729,Dipta,Divan,baljiwan34@example.net,+910491286778,Bengaluru,Karnataka,2026-07-22
CUS000730,Lakshit,Sarna,malhotrayashoda@example.com,3381217254,Bengaluru,Karnataka,2023-10-18
CUS000731,Hamsini,Palla,iyerbachittar@example.com,+910220201279,Bengaluru,Karnataka,2024-05-15
CUS000732,Unnati,Narayanan,kondasanya@example.org,09121777277,Mysuru,Karnataka,2026-04-21
CUS000733,Hema,Andra,janujaoza@example.net,5125843095,Bengaluru,Karnataka,2024-01-10
CUS000734,Farhan,Venkatesh,usood@example.net,+918951534300,Bengaluru,Karnataka,2023-08-14
CUS000735,Udyati,Shah,uvora@example.com,06117175250,Mysuru,Karnataka,2026-01-16
CUS000736,Pallavi,Dhaliwal,uborde@example.com,01870654800,Bengaluru,Karnataka,2024-04-25
CUS000737,Balveer,Bakshi,kapurchakradhar@example.com,01112923054,Mysuru,Karnataka,2026-07-04
CUS000738,Aashi,Dutt,qnatarajan@example.com,03254028105,Bengaluru,Karnataka,2025-12-06
CUS000739,Nakul,Mukhopadhyay,miteshsangha@example.com,03596937157,Bengaluru,Karnataka,2024-10-31
CUS000740,Gautam,Sane,virajhegde@example.net,0067321176,Mysuru,Karnataka,2026-05-26
CUS000741,Michael,Vig,gvyas@example.com,+919830736087,Mysuru,Karnataka,2026-02-26
CUS000742,Isha,Sampath,dev69@example.com,8480480909,Bengaluru,Karnataka,2025-03-28
CUS000743,Chandran,Bava,gopalchandra@example.com,8106598978,Mysuru,Karnataka,2023-12-05
CUS000744,Nitara,Majumdar,andrew06@example.com,05804655672,Mysuru,Karnataka,2024-12-22
CUS000745,Bhavini,Murthy,jacob47@example.net,04534171466,Mysuru,Karnataka,2026-05-28
CUS000746,Naveen,Keer,hganesh@example.org,00618001268,Mysuru,Karnataka,2024-05-14
CUS000747,Pallavi,Basu,gautammitter@example.com,00651110040,Bengaluru,Karnataka,2023-12-01
CUS000748,Suhani,Badami,swaminathanurvashi@example.com,05116853443,Mysuru,Karnataka,2026-04-22
CUS000749,Siddharth,Chatterjee,jbehl@example.com,3048294579,Bengaluru,Karnataka,2023-08-10
CUS000750,Shivani,Bedi,khatritara@example.net,04390294984,Bengaluru,Karnataka,2024-03-12
CUS000751,Jacob,Bora,ibiswas@example.net,+915721428626,Mysuru,Karnataka,2026-06-23
CUS000752,Janya,Majumdar,kashvinori@example.org,02981415149,Bengaluru,Karnataka,2025-01-19
CUS000753,Vihaan,Rattan,tripathivanya@example.net,+911874981100,Bengaluru,Karnataka,2024-05-03
CUS000754,Gayathri,Loke,binathakkar@example.net,+911728105215,Mysuru,Karnataka,2023-12-26
CUS000755,Zashil,Dara,laban26@example.net,+910274251688,Bengaluru,Karnataka,2024-08-03
CUS000756,Edhitha,Halder,dmadan@example.org,1289651646,Bengaluru,Karnataka,2024-08-08
CUS000757,Laban,Dara,zdate@example.org,5828474330,Bengaluru,Karnataka,2025-10-17
CUS000758,Ekalinga,Dada,oeshiperi@example.org,01097643391,Bengaluru,Karnataka,2025-11-12
CUS000759,Chaitaly,Chada,mekhalasani@example.com,+911898014576,Bengaluru,Karnataka,2024-01-22
CUS000760,Dhriti,Badami,vedika70@example.com,+916430235989,Mysuru,Karnataka,2024-01-14
CUS000761,Yashawini,Dara,tarak35@example.net,3382806188,Bengaluru,Karnataka,2025-01-17
CUS000762,George,Memon,deubika@example.com,+912385530436,Mysuru,Karnataka,2025-12-24
CUS000763,Falak,Prasad,jvasa@example.net,07250844354,Mysuru,Karnataka,2024-03-28
CUS000764,Isha,Sura,gthakur@example.com,8156851808,Bengaluru,Karnataka,2023-11-24
CUS000765,Vansha,Sama,osagar@example.com,+919780355909,Mysuru,Karnataka,2025-04-15
CUS000766,Ishwar,Sabharwal,riachana@example.com,06070376684,Mysuru,Karnataka,2026-01-29
CUS000767,Indira,Hans,advaith06@example.net,01070290316,Mysuru,Karnataka,2024-10-05
CUS000768,Mitali,Bhatnagar,ikshitasen@example.net,5196074384,Bengaluru,Karnataka,2025-06-28
CUS000769,Forum,Bains,dhaliwalneel@example.net,0247112054,Mysuru,Karnataka,2026-04-13
CUS000770,Chakradev,Ratti,onkar91@example.net,8644859420,Mysuru,Karnataka,2026-05-26
CUS000771,Ayaan,Varma,misraquincy@example.org,9296208708,Bengaluru,Karnataka,2023-12-19
CUS000772,Chakradev,Bail,evig@example.com,+917049405244,Bengaluru,Karnataka,2025-05-05
CUS000773,Sarthak,Dash,ishitamohanty@example.org,07162746215,Bengaluru,Karnataka,2026-06-30
CUS000774,Pushti,Kala,vidhivarughese@example.net,05883790699,Mysuru,Karnataka,2024-03-04
CUS000775,Omya,Barman,krishnaaadi@example.net,+911687281566,Mysuru,Karnataka,2023-07-26
CUS000776,Wakeeta,Dhillon,aadi52@example.com,06106718588,Mysuru,Karnataka,2024-08-16
CUS000777,Damyanti,Panchal,kdeol@example.org,9152276795,Bengaluru,Karnataka,2024-04-10
CUS000778,Radha,Thakkar,dhawanhamsini@example.org,9183012113,Bengaluru,Karnataka,2024-02-12
CUS000779,Kai,Srivastava,rayaanthakkar@example.org,+914021948833,Bengaluru,Karnataka,2025-06-18
CUS000780,Qushi,Comar,falakmanne@example.com,03364562724,Mysuru,Karnataka,2025-06-02
CUS000781,Baghyawati,Toor,baljiwanchander@example.net,01530093215,Mysuru,Karnataka,2026-02-02
CUS000782,Lakshmi,Mitra,vborde@example.org,09806646806,Bengaluru,Karnataka,2026-03-25
CUS000783,Faqid,Pandey,tramaswamy@example.com,+914476852093,Mysuru,Karnataka,2024-02-02
CUS000784,Maanav,Pau,chaitaly89@example.net,3706932896,Bengaluru,Karnataka,2025-05-15
CUS000785,Omya,Sarraf,gwalla@example.com,08154072863,Mysuru,Karnataka,2024-11-10
CUS000786,Wriddhish,Tak,simontalwar@example.org,06977120626,Bengaluru,Karnataka,2025-04-23
CUS000787,Charles,Khosla,nachiket82@example.net,01305277582,Mysuru,Karnataka,2025-05-13
CUS000788,Yahvi,Comar,xmangat@example.org,+913449205322,Bengaluru,Karnataka,2024-10-31
CUS000789,Rachita,Pandya,chaudhuribakhshi@example.net,+910705605491,Bengaluru,Karnataka,2025-11-09
CUS000790,Yashodhara,Sahota,avohra@example.com,3667355728,Bengaluru,Karnataka,2024-07-01
CUS000791,Yatan,Bora,sai52@example.com,5269688543,Bengaluru,Karnataka,2023-09-29
CUS000792,Chandani,Ratta,wperi@example.org,03899405732,Bengaluru,Karnataka,2025-10-27
CUS000793,Jhalak,Saran,cmaster@example.net,+915695061945,Bengaluru,Karnataka,2025-03-08
CUS000794,Neelima,Sankar,tanejanidra@example.com,1876830042,Mysuru,Karnataka,2024-12-25
CUS000795,Jagdish,Ramachandran,sahotachandresh@example.net,02547488677,Bengaluru,Karnataka,2025-07-19
CUS000796,Mohammed,Andra,geetikavarty@example.net,8634201294,Bengaluru,Karnataka,2024-10-02
CUS000797,Damini,Sule,gdin@example.net,8366836260,Bengaluru,Karnataka,2025-11-14
CUS000798,Yutika,Sehgal,pranitgill@example.net,7466184069,Mysuru,Karnataka,2023-07-24
CUS000799,Umang,Khalsa,chandjack@example.org,4954697008,Mysuru,Karnataka,2026-03-20
CUS000800,Samarth,Johal,aadhya77@example.net,1514760769,Mysuru,Karnataka,2023-09-12
CUS000801,Dev,Samra,eeshasaha@example.com,9054064615,Bengaluru,Karnataka,2026-02-28
CUS000802,Arjun,Kapur,alka79@example.org,+914207589661,Bengaluru,Karnataka,2025-06-04
CUS000803,Aadi,Gill,raghavbobal@example.com,05254475001,Mysuru,Karnataka,2025-07-09
CUS000804,Hemangini,Samra,vbalasubramanian@example.org,8589022620,Bengaluru,Karnataka,2025-07-24
CUS000805,Chandresh,Sodhi,pushti75@example.org,+910041841423,Bengaluru,Karnataka,2023-08-15
CUS000806,Bachittar,Vohra,sampathlopa@example.net,9836274408,Mysuru,Karnataka,2025-05-01
CUS000807,Falguni,Gole,madhavi39@example.net,+918400738538,Mysuru,Karnataka,2024-07-18
CUS000808,Nicholas,Aggarwal,ronithnatarajan@example.net,05747091180,Mysuru,Karnataka,2026-01-25
CUS000809,Vyanjana,Gulati,tanejaorinder@example.org,07195270274,Mysuru,Karnataka,2026-06-03
CUS000810,Keya,Srinivas,sinhajanuja@example.com,02753088093,Bengaluru,Karnataka,2025-10-14
CUS000811,Chasmum,Mitra,bhavya55@example.com,3151487115,Mysuru,Karnataka,2026-04-06
CUS000812,Mitesh,Ravel,vigsamaksh@example.net,09578937826,Mysuru,Karnataka,2026-05-06
CUS000813,Chakradhar,Salvi,barkha61@example.com,05501427352,Mysuru,Karnataka,2023-09-06
CUS000814,Leela,Amble,bhavya52@example.org,09844482871,Mysuru,Karnataka,2024-07-21
CUS000815,Irya,Panchal,tiwariom@example.org,03144332582,Mysuru,Karnataka,2026-04-10
CUS000816,Frado,Nadkarni,nidhidatta@example.net,8749952808,Mysuru,Karnataka,2023-12-19
CUS000817,Girish,Gokhale,sekhonupma@example.com,07896495369,Bengaluru,Karnataka,2023-09-06
CUS000818,Yashoda,Nadig,mohinibora@example.com,0640765884,Mysuru,Karnataka,2024-09-14
CUS000819,Krishna,Merchant,balamohini@example.net,+918320905441,Mysuru,Karnataka,2024-03-21
CUS000820,Ria,Karnik,mohantyzaitra@example.net,07103981467,Bengaluru,Karnataka,2026-01-09
CUS000821,Wazir,Balay,hansekta@example.org,+915693584048,Bengaluru,Karnataka,2024-04-28
CUS000822,Pahal,Mital,riamurty@example.net,4653488296,Bengaluru,Karnataka,2024-01-08
CUS000823,Sathvik,Sha,xavier91@example.com,05934055783,Bengaluru,Karnataka,2025-05-08
CUS000824,Darpan,More,wyattuppal@example.com,03336126143,Bengaluru,Karnataka,2025-04-28
CUS000825,Farhan,Balay,vihaansubramaniam@example.org,+912289182585,Mysuru,Karnataka,2025-07-07
CUS000826,Christopher,Sane,raghav40@example.net,+915129856830,Bengaluru,Karnataka,2025-10-21
CUS000827,Matthew,Lanka,senguptaekbal@example.net,09137628439,Mysuru,Karnataka,2023-10-13
CUS000828,Yashawini,Kohli,zayandayal@example.net,+911004795269,Bengaluru,Karnataka,2023-08-01
CUS000829,Ira,Sura,ogulati@example.net,8243019691,Bengaluru,Karnataka,2023-12-01
CUS000830,Arya,Dhaliwal,krishbahl@example.net,6278186778,Mysuru,Karnataka,2025-03-01
CUS000831,Akshay,Jani,srinivasanpratyush@example.com,+915897509769,Bengaluru,Karnataka,2024-12-13
CUS000832,Gopal,Bajaj,dixittanmayi@example.org,2107330091,Bengaluru,Karnataka,2025-05-05
CUS000833,Gagan,Wason,jyoti09@example.com,9618457555,Bengaluru,Karnataka,2025-05-02
CUS000834,Nandini,Kamdar,nagarajanvansha@example.org,7264797422,Mysuru,Karnataka,2024-12-21
CUS000835,Qasim,Rajagopal,baghyawati96@example.org,1163064814,Mysuru,Karnataka,2024-09-18
CUS000836,Xalak,Jhaveri,pallurishilla@example.org,0519794627,Bengaluru,Karnataka,2025-01-05
CUS000837,Yochana,Singh,paumegha@example.org,+914968885554,Bengaluru,Karnataka,2024-09-29
CUS000838,Hemangini,Sarma,yatinnatarajan@example.net,2231086155,Bengaluru,Karnataka,2025-01-23
CUS000839,Max,Dewan,chawlachandani@example.com,+911054542340,Mysuru,Karnataka,2024-06-03
CUS000840,Chakradhar,Varty,jsathe@example.org,4382934918,Bengaluru,Karnataka,2024-01-07
CUS000841,Luke,Nigam,varughesekashvi@example.com,05967928995,Mysuru,Karnataka,2023-08-12
CUS000842,Waida,Sabharwal,zarnaboase@example.com,6241003043,Bengaluru,Karnataka,2024-05-17
CUS000843,Bhavna,Ramakrishnan,gauravbadami@example.com,+917916006769,Bengaluru,Karnataka,2026-01-05
CUS000844,Charles,Bawa,hsundaram@example.com,00409251161,Mysuru,Karnataka,2023-10-09
CUS000845,Charles,Raghavan,anvisavant@example.net,+911426372255,Bengaluru,Karnataka,2023-10-06
CUS000846,Widisha,Yogi,santdevika@example.org,+916518603747,Bengaluru,Karnataka,2024-07-24
CUS000847,Triveni,Contractor,gagan22@example.net,7944906536,Bengaluru,Karnataka,2025-09-21
CUS000848,Bimala,Hora,sgokhale@example.com,7660093297,Mysuru,Karnataka,2025-04-19
CUS000849,Aarnav,Bakshi,amrutalal@example.net,00448393367,Bengaluru,Karnataka,2024-03-06
CUS000850,Anita,Chand,roza@example.org,+914071513406,Mysuru,Karnataka,2024-09-09
CUS000851,Vedant,Mammen,anirudh95@example.net,2024470507,Bengaluru,Karnataka,2023-08-06
CUS000852,Jagat,Andra,saringirik@example.org,0493494825,Mysuru,Karnataka,2025-02-17
CUS000853,Ira,Kanda,narayananaashi@example.net,+918956773191,Mysuru,Karnataka,2026-05-06
CUS000854,Bakhshi,Bhardwaj,ishwarandra@example.net,+917754625048,Mysuru,Karnataka,2026-03-31
CUS000855,Robert,Bose,sdeshmukh@example.com,+915387829826,Bengaluru,Karnataka,2026-02-27
CUS000856,Alka,Kibe,ishwar65@example.com,2353298601,Bengaluru,Karnataka,2024-10-08
CUS000857,Indira,Munshi,girindramahal@example.net,+910158204966,Bengaluru,Karnataka,2025-09-08
CUS000858,Vaishnavi,Rao,vanya85@example.net,+919791642283,Mysuru,Karnataka,2025-03-22
CUS000859,Vihaan,Radhakrishnan,upant@example.com,+913651392962,Bengaluru,Karnataka,2025-10-17
CUS000860,Banjeet,Zachariah,maxsule@example.net,+913041003873,Mysuru,Karnataka,2023-09-12
CUS000861,Kevin,Dash,kohliomaja@example.net,5048544024,Mysuru,Karnataka,2025-05-07
CUS000862,Eta,Hayer,isha81@example.com,05974982944,Mysuru,Karnataka,2025-05-31
CUS000863,Azad,Padmanabhan,cmani@example.org,+910779137845,Mysuru,Karnataka,2025-02-04
CUS000864,Anamika,Bobal,buchlavanya@example.org,0090585100,Mysuru,Karnataka,2026-05-06
CUS000865,Qushi,Pingle,imitter@example.org,3178887042,Mysuru,Karnataka,2024-10-18
CUS000866,Balendra,Nayak,januja51@example.net,+914206141406,Bengaluru,Karnataka,2024-07-04
CUS000867,Inaya,Bhatnagar,ibhasin@example.org,9507779567,Mysuru,Karnataka,2024-09-16
CUS000868,Pavani,Merchant,jsule@example.net,+913590731070,Mysuru,Karnataka,2025-02-28
CUS000869,Nirja,Jayaraman,irana@example.com,+910758432977,Bengaluru,Karnataka,2026-06-06
CUS000870,Hredhaan,Raj,mahajanmugdha@example.org,+913435281279,Bengaluru,Karnataka,2024-02-02
CUS000871,Rishi,Varty,jagratibasak@example.com,01134235342,Bengaluru,Karnataka,2025-05-25
CUS000872,Raksha,Srinivas,sandhusneha@example.net,03283598609,Bengaluru,Karnataka,2025-06-11
CUS000873,Chaitaly,Batta,upadhriti06@example.org,+910703894079,Bengaluru,Karnataka,2025-07-25
CUS000874,Amaira,Atwal,utkarshvarty@example.com,00621163120,Mysuru,Karnataka,2025-09-21
CUS000875,Siya,Krishnamurthy,ipandit@example.com,3615532894,Bengaluru,Karnataka,2025-05-18
CUS000876,Triya,Subramanian,naikelijah@example.net,+910985283039,Mysuru,Karnataka,2024-09-27
CUS000877,Meghana,Acharya,anusha58@example.net,+913201125202,Mysuru,Karnataka,2025-03-09
CUS000878,Tejas,Shetty,williamgarg@example.com,2743102322,Bengaluru,Karnataka,2025-07-23
CUS000879,Vanya,Dada,sanghviurvashi@example.net,5773206692,Mysuru,Karnataka,2023-12-14
CUS000880,Guneet,Sarkar,faris49@example.net,1576191204,Mysuru,Karnataka,2025-03-29
CUS000881,Advaith,Banerjee,sethwilliam@example.org,01540557483,Bengaluru,Karnataka,2026-04-19
CUS000882,Atharv,Toor,harishbhasin@example.org,01860649697,Bengaluru,Karnataka,2024-09-29
CUS000883,Madhav,Bassi,chamanbhargava@example.org,8039386675,Mysuru,Karnataka,2024-06-05
CUS000884,Isaiah,Bose,balvanramesh@example.com,+911961198492,Bengaluru,Karnataka,2026-06-10
CUS000885,Ekapad,Tandon,fariq78@example.org,0775614325,Bengaluru,Karnataka,2025-02-06
CUS000886,Kiaan,Ben,ysen@example.com,9405622221,Mysuru,Karnataka,2025-09-25
CUS000887,Advaith,Handa,neelparmar@example.net,0942919318,Mysuru,Karnataka,2026-02-13
CUS000888,Bishakha,Bhattacharyya,rbatta@example.com,+918869646871,Mysuru,Karnataka,2025-05-20
CUS000889,Yashasvi,Parmer,tanish11@example.net,09538159815,Mysuru,Karnataka,2024-07-03
CUS000890,Januja,Shankar,kundaodika@example.org,07443129591,Mysuru,Karnataka,2023-08-25
CUS000891,Rishi,Karnik,bakhshi50@example.com,+917481482062,Bengaluru,Karnataka,2023-11-22
CUS000892,Aarav,Wadhwa,kalpitchaudhari@example.net,9178354644,Mysuru,Karnataka,2025-06-04
CUS000893,Gayathri,Dhingra,pyadav@example.com,05542492041,Bengaluru,Karnataka,2024-06-26
CUS000894,Faraj,Krishna,yashodhara99@example.com,4406697919,Bengaluru,Karnataka,2024-09-20
CUS000895,Damini,Sachdev,auppal@example.com,+913702915240,Bengaluru,Karnataka,2024-06-23
CUS000896,Oscar,Sharaf,zsibal@example.com,02445364732,Mysuru,Karnataka,2026-01-09
CUS000897,Yashvi,Khosla,balveersibal@example.org,8361616549,Bengaluru,Karnataka,2025-07-02
CUS000898,Charvi,Thakur,thayer@example.net,05403967908,Mysuru,Karnataka,2024-05-16
CUS000899,Yasti,Kade,latamekhala@example.org,0327189986,Bengaluru,Karnataka,2024-06-04
CUS000900,Nihal,Brahmbhatt,yachana80@example.com,08730707615,Mysuru,Karnataka,2024-01-04
CUS000901,Kiaan,Ghosh,bhavya07@example.org,2412989154,Mysuru,Karnataka,2024-10-06
CUS000902,Qushi,Som,timothykale@example.net,8031787389,Mysuru,Karnataka,2024-01-06
CUS000903,Damyanti,More,gautamdin@example.org,+913962160444,Bengaluru,Karnataka,2023-11-12
CUS000904,William,Sanghvi,saksham47@example.org,01441393483,Bengaluru,Karnataka,2024-02-28
CUS000905,Indira,Sagar,kotharinaksh@example.com,09852134298,Bengaluru,Karnataka,2025-03-23
CUS000906,Abha,Oza,ohans@example.org,01375955056,Bengaluru,Karnataka,2023-12-19
CUS000907,Yamini,Purohit,darpanmangal@example.org,07919783609,Mysuru,Karnataka,2026-06-13
CUS000908,Jeet,Dash,shankerwishi@example.org,+915501333171,Bengaluru,Karnataka,2024-10-14
CUS000909,Laksh,Sundaram,christopherbarad@example.org,01764253863,Mysuru,Karnataka,2023-08-22
CUS000910,Wazir,Narang,wahabluthra@example.net,+919494978092,Mysuru,Karnataka,2025-05-25
CUS000911,Naveen,Roy,irya65@example.org,+919549797202,Bengaluru,Karnataka,2024-08-12
CUS000912,Matthew,Rai,zmallick@example.net,02352208556,Mysuru,Karnataka,2025-09-21
CUS000913,Jai,Mammen,venkatesheiravati@example.net,06471178087,Mysuru,Karnataka,2026-07-07
CUS000914,Watika,Nath,warjas24@example.org,+910348059336,Mysuru,Karnataka,2025-05-08
CUS000915,Aadi,Kaul,amara05@example.net,05157802444,Bengaluru,Karnataka,2024-02-22
CUS000916,Dhruv,Memon,ati39@example.com,9865086605,Mysuru,Karnataka,2023-09-16
CUS000917,Barkha,Dhar,warjaspurohit@example.org,+916096580497,Mysuru,Karnataka,2025-09-16
CUS000918,Ethan,Dasgupta,csengupta@example.org,+914153893252,Bengaluru,Karnataka,2025-07-26
CUS000919,Reva,Prakash,barkhakhurana@example.com,+915839066342,Mysuru,Karnataka,2024-12-18
CUS000920,Vasatika,Bora,sameshrastogi@example.org,+919375244955,Mysuru,Karnataka,2025-11-08
CUS000921,Udyati,Sarin,hemalramesh@example.net,3334494742,Mysuru,Karnataka,2024-01-10
CUS000922,Kamala,Mukhopadhyay,chaitaly13@example.net,9383099898,Bengaluru,Karnataka,2024-05-30
CUS000923,Nihal,Dhingra,ekanta62@example.net,+918634469980,Bengaluru,Karnataka,2026-05-03
CUS000924,Advik,Wali,hnayak@example.net,+914476912260,Bengaluru,Karnataka,2024-08-15
CUS000925,Umang,Tak,chanakya12@example.com,8537861143,Bengaluru,Karnataka,2026-02-03
CUS000926,Frederick,Bali,lavanyamemon@example.org,08517360083,Bengaluru,Karnataka,2023-11-24
CUS000927,Isaiah,Bajaj,nkari@example.net,5364853345,Mysuru,Karnataka,2025-03-30
CUS000928,Mugdha,Handa,dalajamitter@example.org,4131759120,Mysuru,Karnataka,2024-02-10
CUS000929,Abeer,Rattan,jsalvi@example.com,3534962787,Bengaluru,Karnataka,2025-03-19
CUS000930,Aachal,Nazareth,klata@example.org,+918161666770,Bengaluru,Karnataka,2024-01-07
CUS000931,Mahika,Patla,kai97@example.net,6512298473,Mysuru,Karnataka,2025-08-27
CUS000932,Jai,Dhaliwal,nidra39@example.net,07695314222,Mysuru,Karnataka,2024-09-19
CUS000933,Wriddhish,Kohli,muttiforum@example.com,05582676444,Bengaluru,Karnataka,2024-12-01
CUS000934,Pooja,Grover,rpalla@example.com,05582074902,Mysuru,Karnataka,2026-03-17
CUS000935,Arin,Ratta,barmanfinn@example.org,04327994871,Mysuru,Karnataka,2026-01-27
CUS000936,Qasim,Mahal,chamanandra@example.org,08813318199,Bengaluru,Karnataka,2025-10-31
CUS000937,Samuel,Barman,mahika08@example.net,+918642873141,Mysuru,Karnataka,2024-12-22
CUS000938,Wazir,Mannan,tpal@example.com,07418966979,Bengaluru,Karnataka,2023-10-29
CUS000939,Matthew,Yohannan,kandazarna@example.com,+915417378054,Mysuru,Karnataka,2024-08-28
CUS000940,Janya,Bahri,sarthak34@example.com,+910167007735,Mysuru,Karnataka,2024-08-28
CUS000941,Gaurika,Mall,gandhiyochana@example.org,+916347879744,Bengaluru,Karnataka,2024-10-11
CUS000942,Bina,Mallick,oshamallick@example.com,04890291878,Bengaluru,Karnataka,2026-05-22
CUS000943,Sai,Nair,gabrielnath@example.org,8137930273,Bengaluru,Karnataka,2023-11-01
CUS000944,Avi,Ravi,muttisanya@example.com,2156274449,Bengaluru,Karnataka,2026-03-24
CUS000945,Urvashi,Dhaliwal,lthakkar@example.com,6864666075,Mysuru,Karnataka,2024-02-18
CUS000946,Rehaan,Barad,akshaydua@example.org,1859098927,Bengaluru,Karnataka,2025-02-03
CUS000947,Isaac,Bains,maanassharma@example.com,05515980145,Bengaluru,Karnataka,2025-11-30
CUS000948,Zinal,Mitter,ishani62@example.org,+919350437762,Mysuru,Karnataka,2024-09-03
CUS000949,Umang,Dora,psingh@example.com,05062129851,Mysuru,Karnataka,2025-04-07
CUS000950,Arya,Pathak,kiaan08@example.com,0553564055,Bengaluru,Karnataka,2025-01-17
CUS000951,Xalak,Deep,omkaar37@example.net,06370260937,Mysuru,Karnataka,2024-12-31
CUS000952,Ayaan,Ganesan,ramaswamyaashi@example.net,8347409659,Mysuru,Karnataka,2025-12-21
CUS000953,Samar,Chauhan,wazir93@example.net,04611818859,Bengaluru,Karnataka,2024-02-29
CUS000954,Samaksh,Roy,timothykalla@example.org,+915018545760,Bengaluru,Karnataka,2023-11-08
CUS000955,Jack,Krishna,varghesekalpit@example.org,+919277988110,Bengaluru,Karnataka,2023-11-08
CUS000956,Qarin,Mukhopadhyay,qasim47@example.org,8584371399,Mysuru,Karnataka,2023-09-04
CUS000957,Yochana,Das,qhayer@example.com,+917394584798,Mysuru,Karnataka,2024-10-27
CUS000958,Januja,Aurora,victor59@example.org,05359357877,Mysuru,Karnataka,2025-12-17
CUS000959,Sarthak,Johal,nidhinarain@example.org,2852917522,Mysuru,Karnataka,2024-07-25
CUS000960,Ayush,Keer,menonjatin@example.org,09340865889,Mysuru,Karnataka,2026-06-02
CUS000961,Anya,More,yramanathan@example.org,06518032492,Bengaluru,Karnataka,2023-07-28
CUS000962,Sanaya,Samra,maanav83@example.net,+919581738798,Bengaluru,Karnataka,2024-05-24
CUS000963,Ekani,Setty,ubakshi@example.org,5738964225,Mysuru,Karnataka,2026-02-03
CUS000964,Ishanvi,Lata,ubika74@example.org,07506224471,Mysuru,Karnataka,2023-08-25
CUS000965,Peter,Nayak,zsani@example.org,07746143240,Bengaluru,Karnataka,2025-02-04
CUS000966,Keya,Muni,cchandran@example.org,05761660206,Mysuru,Karnataka,2024-03-14
CUS000967,Chaaya,Kant,zarna82@example.org,+919706063724,Bengaluru,Karnataka,2026-04-12
CUS000968,Wridesh,Rege,sahnizaitra@example.net,+919460590569,Bengaluru,Karnataka,2026-01-02
CUS000969,Sachi,Morar,wlata@example.net,+916126133100,Mysuru,Karnataka,2025-08-16
CUS000970,Ira,Mallick,dhillonatharv@example.com,+919243939860,Bengaluru,Karnataka,2024-09-21
CUS000971,Manbir,Iyengar,christopherdugal@example.net,+916304174815,Bengaluru,Karnataka,2023-09-18
CUS000972,Girik,Raval,nilima58@example.net,08012693798,Mysuru,Karnataka,2026-04-12
CUS000973,Nathan,Dada,vihaan68@example.net,08035232952,Mysuru,Karnataka,2025-02-05
CUS000974,Tara,Sachar,samesh21@example.com,+912606485642,Mysuru,Karnataka,2025-11-24
CUS000975,Avni,Lad,arinbajwa@example.net,+918284541005,Bengaluru,Karnataka,2025-11-10
CUS000976,Qarin,Pradhan,wablequincy@example.net,+911960892654,Mysuru,Karnataka,2026-05-24
CUS000977,Guneet,Bora,gbose@example.org,+910883943570,Bengaluru,Karnataka,2023-08-21
CUS000978,Jyoti,Bath,rehaan75@example.org,03460883299,Mysuru,Karnataka,2024-10-01
CUS000979,Elijah,Issac,sakshamvarughese@example.org,7897905433,Mysuru,Karnataka,2025-01-13
CUS000980,Irya,Lalla,fariqluthra@example.net,+915502182177,Bengaluru,Karnataka,2025-09-17
CUS000981,Bhavya,Chahal,hemahegde@example.com,05658628882,Bengaluru,Karnataka,2026-02-25
CUS000982,Shivani,Char,chakrabartijairaj@example.net,+912048426053,Mysuru,Karnataka,2026-01-13
CUS000983,Vedant,Kala,shenoychakradev@example.net,3892323755,Mysuru,Karnataka,2023-11-27
CUS000984,Raksha,Chawla,aahuja@example.org,+915624760715,Mysuru,Karnataka,2026-03-27
CUS000985,Maanav,Das,rkalla@example.com,+911344859864,Mysuru,Karnataka,2024-06-23
CUS000986,Nisha,Cheema,kalapalla@example.com,04267051650,Mysuru,Karnataka,2025-03-05
CUS000987,Noah,Madan,sanyaagate@example.net,2734639941,Mysuru,Karnataka,2024-08-21
CUS000988,Nimrat,Goyal,dominicratta@example.org,+912343508716,Bengaluru,Karnataka,2024-03-12
CUS000989,Fariq,Bhavsar,dasvedika@example.net,01576049716,Mysuru,Karnataka,2024-03-15
CUS000990,Dev,Banik,rayaan39@example.com,8656166668,Bengaluru,Karnataka,2024-07-23
CUS000991,Nitara,Rattan,zaid96@example.com,+916605376572,Bengaluru,Karnataka,2025-12-01
CUS000992,Praneel,Munshi,ucchalkuruvilla@example.org,05184971029,Mysuru,Karnataka,2025-02-23
CUS000993,Aarav,Mand,qwalla@example.com,04801360786,Mysuru,Karnataka,2025-04-27
CUS000994,Tristan,Nagi,ayushmangulati@example.org,00571259348,Mysuru,Karnataka,2024-11-04
CUS000995,Hamsini,Prakash,bhagatrishi@example.org,04989589149,Bengaluru,Karnataka,2024-04-27
CUS000996,Ekiya,Mallick,balhaarshetty@example.net,06452202742,Mysuru,Karnataka,2025-03-27
CUS000997,Deepa,Bir,nagarmaanav@example.org,+918082709480,Bengaluru,Karnataka,2023-07-29
CUS000998,Keya,Oak,lakshitvirk@example.net,08276432668,Bengaluru,Karnataka,2026-01-29
CUS000999,Chandran,Tara,warda98@example.com,08440089732,Bengaluru,Karnataka,2024-05-13
CUS001000,Vamakshi,Banerjee,gavinmuni@example.org,+913889990897,Mysuru,Karnataka,2023-08-15
